****************************************
Report : design
Design : fircore
Version: U-2022.12-SP5
Date   : Wed Dec 17 18:46:36 2025
****************************************

Design Attribute                         Value
---------------------------------------------------------------------------
Operating Conditions:
  analysis_type                          on_chip_variation
  operating_condition_min_name           tt_1p2v_25c
  process_min                            1
  temperature_min                        25
  voltage_min                            1.2
  tree_type_min                          balanced_case

  operating_condition_max_name           tt_1p2v_25c
  process_max                            1
  temperature_max                        25
  voltage_max                            1.2
  tree_type_max                          balanced_case

Wire Load:                               (use report_wire_load for more information)
  wire_load_mode                         top
  wire_load_model_max                    --
  wire_load_model_min                    --
  wire_load_selection_group_max          --
  wire_load_selection_group_min          --
  wire_load_min_block_size               0

Design Rules:
  max_capacitance                        --
  min_capacitance                        --
  max_fanout                             --
  max_transition                         --
  static_integrity                       --
  dynamic_integrity                      --
  max_coupled_transition                 --
  max_area                               --

Timing Ranges:
  early_factor                           --
  late_factor                            --

Pin Input Delays:
None specified.

Pin Output Delays:
None specified.
Fast Analysis:                           disabled

1
****************************************
Report : reference
Design : fircore
Version: U-2022.12-SP5
Date   : Wed Dec 17 18:46:36 2025
****************************************


Attributes:
    b - black-box (unknown)
    h - hierarchical
    n - noncombinational
    u - contains unmapped logic
    A - abstracted timing model
    E - extracted timing model
    S - Stamp timing model
    Q - Quick timing model (QTM)

Reference          Library       Unit Area   Count    Total Area   Attributes
--------------------------------------------------------------------------------
AND2X2TS           scx3_cmos8rf_lpvt_tt_1p2v_25c
                                    7.20     20        144.00      
AND2X4TS           scx3_cmos8rf_lpvt_tt_1p2v_25c
                                   10.08     4          40.32      
AND3X4TS           scx3_cmos8rf_lpvt_tt_1p2v_25c
                                   11.52     1          11.52      
AND3X8TS           scx3_cmos8rf_lpvt_tt_1p2v_25c
                                   21.60     1          21.60      
AO21X2TS           scx3_cmos8rf_lpvt_tt_1p2v_25c
                                   10.08     1          10.08      
AO21X4TS           scx3_cmos8rf_lpvt_tt_1p2v_25c
                                   12.96     1          12.96      
AO22X1TS           scx3_cmos8rf_lpvt_tt_1p2v_25c
                                   10.08     24        241.92      
AO22XLTS           scx3_cmos8rf_lpvt_tt_1p2v_25c
                                   10.08     11        110.88      
AOI21X1TS          scx3_cmos8rf_lpvt_tt_1p2v_25c
                                    7.20     65        468.00      
AOI21X2TS          scx3_cmos8rf_lpvt_tt_1p2v_25c
                                   12.96     14        181.44      
AOI21X4TS          scx3_cmos8rf_lpvt_tt_1p2v_25c
                                   17.28     15        259.20      
AOI22X1TS          scx3_cmos8rf_lpvt_tt_1p2v_25c
                                    8.64     522      4510.08      
AOI22X2TS          scx3_cmos8rf_lpvt_tt_1p2v_25c
                                   15.84     16        253.44      
AOI22X4TS          scx3_cmos8rf_lpvt_tt_1p2v_25c
                                   23.04     7         161.28      
AOI2BB1X2TS        scx3_cmos8rf_lpvt_tt_1p2v_25c
                                   10.08     1          10.08      
AOI2BB2X1TS        scx3_cmos8rf_lpvt_tt_1p2v_25c
                                   10.08     1          10.08      
AOI2BB2X2TS        scx3_cmos8rf_lpvt_tt_1p2v_25c
                                   15.84     2          31.68      
AOI2BB2X4TS        scx3_cmos8rf_lpvt_tt_1p2v_25c
                                   24.48     4          97.92      
BUFX12TS           scx3_cmos8rf_lpvt_tt_1p2v_25c
                                   15.84     1          15.84      
BUFX16TS           scx3_cmos8rf_lpvt_tt_1p2v_25c
                                   21.60     1          21.60      
BUFX20TS           scx3_cmos8rf_lpvt_tt_1p2v_25c
                                   27.36     4         109.44      
BUFX2TS            scx3_cmos8rf_lpvt_tt_1p2v_25c
                                    7.20     1           7.20      
BUFX3TS            scx3_cmos8rf_lpvt_tt_1p2v_25c
                                    7.20     61        439.20      
BUFX4TS            scx3_cmos8rf_lpvt_tt_1p2v_25c
                                    8.64     23        198.72      
BUFX6TS            scx3_cmos8rf_lpvt_tt_1p2v_25c
                                   11.52     3          34.56      
BUFX8TS            scx3_cmos8rf_lpvt_tt_1p2v_25c
                                   12.96     7          90.72      
CLKAND2X2TS        scx3_cmos8rf_lpvt_tt_1p2v_25c
                                    7.20     8          57.60      
CLKBUFX2TS         scx3_cmos8rf_lpvt_tt_1p2v_25c
                                    5.76     286      1647.36      
CLKBUFX3TS         scx3_cmos8rf_lpvt_tt_1p2v_25c
                                    7.20     3          21.60      
CLKINVX12TS        scx3_cmos8rf_lpvt_tt_1p2v_25c
                                   14.40     6          86.40      
CLKINVX1TS         scx3_cmos8rf_lpvt_tt_1p2v_25c
                                    4.32     51        220.32      
CLKINVX2TS         scx3_cmos8rf_lpvt_tt_1p2v_25c
                                    4.32     21         90.72      
CLKINVX3TS         scx3_cmos8rf_lpvt_tt_1p2v_25c
                                    5.76     11         63.36      
CLKINVX6TS         scx3_cmos8rf_lpvt_tt_1p2v_25c
                                    7.20     13         93.60      
CLKMX2X2TS         scx3_cmos8rf_lpvt_tt_1p2v_25c
                                   12.96     1          12.96      
CLKXOR2X4TS        scx3_cmos8rf_lpvt_tt_1p2v_25c
                                   20.16     1          20.16      
DFFHQX1TS          scx3_cmos8rf_lpvt_tt_1p2v_25c
                                   28.80     6         172.80      n
DFFHQX2TS          scx3_cmos8rf_lpvt_tt_1p2v_25c
                                   31.68     9         285.12      n
DFFHQX4TS          scx3_cmos8rf_lpvt_tt_1p2v_25c
                                   41.76     10        417.60      n
DFFHQX8TS          scx3_cmos8rf_lpvt_tt_1p2v_25c
                                   47.52     1          47.52      n
DFFQX1TS           scx3_cmos8rf_lpvt_tt_1p2v_25c
                                   24.48     19        465.12      n
DFFQX2TS           scx3_cmos8rf_lpvt_tt_1p2v_25c
                                   25.92     3          77.76      n
DFFRHQX1TS         scx3_cmos8rf_lpvt_tt_1p2v_25c
                                   36.00     2          72.00      n
DFFRHQX2TS         scx3_cmos8rf_lpvt_tt_1p2v_25c
                                   36.00     5         180.00      n
DFFRHQX4TS         scx3_cmos8rf_lpvt_tt_1p2v_25c
                                   47.52     54       2566.08      n
DFFRHQX8TS         scx3_cmos8rf_lpvt_tt_1p2v_25c
                                   50.40     1          50.40      n
DFFRX1TS           scx3_cmos8rf_lpvt_tt_1p2v_25c
                                   33.12     15        496.80      n
DFFRX2TS           scx3_cmos8rf_lpvt_tt_1p2v_25c
                                   33.12     23        761.76      n
DFFRX4TS           scx3_cmos8rf_lpvt_tt_1p2v_25c
                                   37.44     70       2620.80      n
DFFRXLTS           scx3_cmos8rf_lpvt_tt_1p2v_25c
                                   33.12     987      32689.44     n
DFFSHQX4TS         scx3_cmos8rf_lpvt_tt_1p2v_25c
                                   53.28     1          53.28      n
DFFSHQX8TS         scx3_cmos8rf_lpvt_tt_1p2v_25c
                                   56.16     2         112.32      n
INVX12TS           scx3_cmos8rf_lpvt_tt_1p2v_25c
                                   12.96     3          38.88      
INVX16TS           scx3_cmos8rf_lpvt_tt_1p2v_25c
                                   17.28     1          17.28      
INVX1TS            scx3_cmos8rf_lpvt_tt_1p2v_25c
                                    4.32     115       496.80      
INVX2TS            scx3_cmos8rf_lpvt_tt_1p2v_25c
                                    4.32     929      4013.28      
INVX3TS            scx3_cmos8rf_lpvt_tt_1p2v_25c
                                    5.76     7          40.32      
INVX4TS            scx3_cmos8rf_lpvt_tt_1p2v_25c
                                    5.76     27        155.52      
INVX6TS            scx3_cmos8rf_lpvt_tt_1p2v_25c
                                    8.64     8          69.12      
INVX8TS            scx3_cmos8rf_lpvt_tt_1p2v_25c
                                   10.08     21        211.68      
MX2X1TS            scx3_cmos8rf_lpvt_tt_1p2v_25c
                                   12.96     1040     13478.40     
MX2X4TS            scx3_cmos8rf_lpvt_tt_1p2v_25c
                                   17.28     4          69.12      
MXI2X1TS           scx3_cmos8rf_lpvt_tt_1p2v_25c
                                   11.52     4          46.08      
MXI2X2TS           scx3_cmos8rf_lpvt_tt_1p2v_25c
                                   14.40     3          43.20      
MXI2X4TS           scx3_cmos8rf_lpvt_tt_1p2v_25c
                                   23.04     1          23.04      
MXI2XLTS           scx3_cmos8rf_lpvt_tt_1p2v_25c
                                   11.52     1          11.52      
NAND2BX1TS         scx3_cmos8rf_lpvt_tt_1p2v_25c
                                    7.20     27        194.40      
NAND2BX2TS         scx3_cmos8rf_lpvt_tt_1p2v_25c
                                   10.08     8          80.64      
NAND2BX4TS         scx3_cmos8rf_lpvt_tt_1p2v_25c
                                   14.40     5          72.00      
NAND2BXLTS         scx3_cmos8rf_lpvt_tt_1p2v_25c
                                    7.20     2          14.40      
NAND2X1TS          scx3_cmos8rf_lpvt_tt_1p2v_25c
                                    5.76     314      1808.64      
NAND2X2TS          scx3_cmos8rf_lpvt_tt_1p2v_25c
                                    7.20     55        396.00      
NAND2X4TS          scx3_cmos8rf_lpvt_tt_1p2v_25c
                                   11.52     38        437.76      
NAND2X6TS          scx3_cmos8rf_lpvt_tt_1p2v_25c
                                   14.40     7         100.80      
NAND2X8TS          scx3_cmos8rf_lpvt_tt_1p2v_25c
                                   18.72     12        224.64      
NAND2XLTS          scx3_cmos8rf_lpvt_tt_1p2v_25c
                                    5.76     36        207.36      
NAND3BX2TS         scx3_cmos8rf_lpvt_tt_1p2v_25c
                                   11.52     1          11.52      
NAND3X1TS          scx3_cmos8rf_lpvt_tt_1p2v_25c
                                    7.20     1           7.20      
NAND3X2TS          scx3_cmos8rf_lpvt_tt_1p2v_25c
                                   10.08     1          10.08      
NAND3X4TS          scx3_cmos8rf_lpvt_tt_1p2v_25c
                                   15.84     3          47.52      
NAND3X6TS          scx3_cmos8rf_lpvt_tt_1p2v_25c
                                   21.60     2          43.20      
NAND3X8TS          scx3_cmos8rf_lpvt_tt_1p2v_25c
                                   31.68     3          95.04      
NAND4BX2TS         scx3_cmos8rf_lpvt_tt_1p2v_25c
                                   14.40     8         115.20      
NAND4BXLTS         scx3_cmos8rf_lpvt_tt_1p2v_25c
                                   10.08     1          10.08      
NAND4X1TS          scx3_cmos8rf_lpvt_tt_1p2v_25c
                                    8.64     33        285.12      
NAND4X2TS          scx3_cmos8rf_lpvt_tt_1p2v_25c
                                   12.96     9         116.64      
NAND4X4TS          scx3_cmos8rf_lpvt_tt_1p2v_25c
                                   25.92     2          51.84      
NAND4X6TS          scx3_cmos8rf_lpvt_tt_1p2v_25c
                                   33.12     1          33.12      
NAND4XLTS          scx3_cmos8rf_lpvt_tt_1p2v_25c
                                    8.64     100       864.00      
NOR2BX1TS          scx3_cmos8rf_lpvt_tt_1p2v_25c
                                    7.20     7          50.40      
NOR2BX2TS          scx3_cmos8rf_lpvt_tt_1p2v_25c
                                   10.08     4          40.32      
NOR2BX4TS          scx3_cmos8rf_lpvt_tt_1p2v_25c
                                   12.96     1          12.96      
NOR2X1TS           scx3_cmos8rf_lpvt_tt_1p2v_25c
                                    5.76     100       576.00      
NOR2X2TS           scx3_cmos8rf_lpvt_tt_1p2v_25c
                                    7.20     28        201.60      
NOR2X4TS           scx3_cmos8rf_lpvt_tt_1p2v_25c
                                   11.52     28        322.56      
NOR2X6TS           scx3_cmos8rf_lpvt_tt_1p2v_25c
                                   14.40     11        158.40      
NOR2X8TS           scx3_cmos8rf_lpvt_tt_1p2v_25c
                                   18.72     20        374.40      
NOR2XLTS           scx3_cmos8rf_lpvt_tt_1p2v_25c
                                    5.76     17         97.92      
NOR3BX2TS          scx3_cmos8rf_lpvt_tt_1p2v_25c
                                   11.52     1          11.52      
NOR3X8TS           scx3_cmos8rf_lpvt_tt_1p2v_25c
                                   31.68     1          31.68      
OA21XLTS           scx3_cmos8rf_lpvt_tt_1p2v_25c
                                    8.64     1           8.64      
OAI21X1TS          scx3_cmos8rf_lpvt_tt_1p2v_25c
                                    7.20     113       813.60      
OAI21X2TS          scx3_cmos8rf_lpvt_tt_1p2v_25c
                                   12.96     44        570.24      
OAI21X4TS          scx3_cmos8rf_lpvt_tt_1p2v_25c
                                   17.28     24        414.72      
OAI21XLTS          scx3_cmos8rf_lpvt_tt_1p2v_25c
                                    7.20     11         79.20      
OAI22X1TS          scx3_cmos8rf_lpvt_tt_1p2v_25c
                                    8.64     6          51.84      
OAI22X2TS          scx3_cmos8rf_lpvt_tt_1p2v_25c
                                   15.84     2          31.68      
OAI2BB1X1TS        scx3_cmos8rf_lpvt_tt_1p2v_25c
                                    8.64     17        146.88      
OAI2BB1X2TS        scx3_cmos8rf_lpvt_tt_1p2v_25c
                                   11.52     7          80.64      
OAI2BB1X4TS        scx3_cmos8rf_lpvt_tt_1p2v_25c
                                   14.40     11        158.40      
OAI2BB2XLTS        scx3_cmos8rf_lpvt_tt_1p2v_25c
                                   10.08     1          10.08      
OR2X1TS            scx3_cmos8rf_lpvt_tt_1p2v_25c
                                    7.20     5          36.00      
OR2X2TS            scx3_cmos8rf_lpvt_tt_1p2v_25c
                                    7.20     7          50.40      
OR2X4TS            scx3_cmos8rf_lpvt_tt_1p2v_25c
                                   10.08     3          30.24      
OR2X6TS            scx3_cmos8rf_lpvt_tt_1p2v_25c
                                   14.40     3          43.20      
XNOR2X1TS          scx3_cmos8rf_lpvt_tt_1p2v_25c
                                   11.52     43        495.36      
XNOR2X4TS          scx3_cmos8rf_lpvt_tt_1p2v_25c
                                   27.36     5         136.80      
XOR2X1TS           scx3_cmos8rf_lpvt_tt_1p2v_25c
                                   11.52     29        334.08      
XOR2X2TS           scx3_cmos8rf_lpvt_tt_1p2v_25c
                                   18.72     4          74.88      
XOR2X4TS           scx3_cmos8rf_lpvt_tt_1p2v_25c
                                   28.80     19        547.20      
XOR2XLTS           scx3_cmos8rf_lpvt_tt_1p2v_25c
                                   11.52     9         103.68      
fircoreCMEM_N64_DATA_WIDTH16
                                 71176.25    1        71176.25     h
--------------------------------------------------------------------------------
Total 122 references                                  152089.88
1
****************************************
Report : constraint
Design : fircore
Version: U-2022.12-SP5
Date   : Wed Dec 17 18:46:36 2025
****************************************

                                                   Weighted
    Group (max_delay/setup)      Cost     Weight     Cost
    -----------------------------------------------------
    clk2                         0.00      1.00      0.00
    -----------------------------------------------------
    max_delay/setup                                  0.00

                                                   Weighted
    Group (min_delay/hold)       Cost     Weight     Cost
    -----------------------------------------------------
    clk2                         0.00      1.00      0.00
    -----------------------------------------------------
    min_delay/hold                                   0.00

    Constraint                                       Cost
    -----------------------------------------------------
    max_delay/setup                                  0.00  (MET)
    min_delay/hold                                   0.00  (MET)
    recovery                                         0.00  (MET)
    removal                                          0.00  (MET)
    sequential_clock_pulse_width                     0.00  (MET)
    sequential_clock_min_period                      0.00  (MET)
    max_capacitance                                  0.00  (MET)
    max_transition                                   0.00  (MET)

1
****************************************
Report : constraint
	-all_violators
	-path slack_only
Design : fircore
Version: U-2022.12-SP5
Date   : Wed Dec 17 18:46:37 2025
****************************************






1
****************************************
Report : timing
	-path_type full
	-delay_type min_max
	-max_paths 1
	-sort_by slack
Design : fircore
Version: U-2022.12-SP5
Date   : Wed Dec 17 18:46:37 2025
****************************************


  Startpoint: cin[15] (input port clocked by clk2)
  Endpoint: CMEM/mem_reg_8__15_
               (rising edge-triggered flip-flop clocked by clk2)
  Path Group: clk2
  Path Type: min

  Point                                                   Incr       Path
  ------------------------------------------------------------------------------
  clock clk2 (rise edge)                                0.0000     0.0000
  clock network delay (ideal)                           0.0000     0.0000
  input external delay                                  0.0500     0.0500 f
  cin[15] (in)                                          0.0315     0.0815 f
  CMEM/U1025/Y (NAND2X2TS)                              0.1082     0.1897 r
  CMEM/U519/Y (OAI21XLTS)                               0.1203     0.3100 f
  CMEM/mem_reg_8__15_/D (DFFQX1TS)                      0.0000     0.3100 f
  data arrival time                                                0.3100

  clock clk2 (rise edge)                                0.0000     0.0000
  clock network delay (ideal)                           0.0000     0.0000
  clock reconvergence pessimism                         0.0000     0.0000
  CMEM/mem_reg_8__15_/CK (DFFQX1TS)                                0.0000 r
  library hold time                                    -0.0111    -0.0111
  data required time                                              -0.0111
  ------------------------------------------------------------------------------
  data required time                                              -0.0111
  data arrival time                                               -0.3100
  ------------------------------------------------------------------------------
  slack (MET)                                                      0.3211



  Startpoint: REG_genblk1_45__genblk1_R_inst_Q_reg_15_
               (rising edge-triggered flip-flop clocked by clk2)
  Endpoint: ALU_sum_reg_35_
               (rising edge-triggered flip-flop clocked by clk2)
  Path Group: clk2
  Path Type: max

  Point                                                   Incr       Path
  ------------------------------------------------------------------------------
  clock clk2 (rise edge)                                0.0000     0.0000
  clock network delay (ideal)                           0.0000     0.0000
  REG_genblk1_45__genblk1_R_inst_Q_reg_15_/CK (DFFRX4TS)
                                                        0.0000     0.0000 r
  REG_genblk1_45__genblk1_R_inst_Q_reg_15_/QN (DFFRX4TS)
                                                        0.8443     0.8443 r
  U2654/Y (AOI2BB2X4TS)                                 0.2066     1.0509 r
  U2632/Y (NAND4X4TS)                                   0.1811     1.2320 f
  U2671/Y (AOI22X4TS)                                   0.2316     1.4636 r
  U2670/Y (NAND4X4TS)                                   0.1947     1.6583 f
  U3434/Y (XOR2X4TS)                                    0.2408     1.8991 r
  U2612/Y (BUFX20TS)                                    0.2141     2.1132 r
  U2485/Y (INVX16TS)                                    0.0703     2.1835 f
  U2532/Y (CLKINVX12TS)                                 0.0469     2.2305 r
  U4594/Y (MX2X4TS)                                     0.3237     2.5541 r
  U3500/Y (NAND2X4TS)                                   0.1066     2.6608 f
  U3739/Y (OAI21X4TS)                                   0.1517     2.8125 r
  U3755/Y (AOI21X4TS)                                   0.0987     2.9112 f
  U3743/Y (OAI21X4TS)                                   0.1885     3.0997 r
  U2750/Y (NAND2X8TS)                                   0.1398     3.2396 f
  U2561/Y (NAND2X8TS)                                   0.1086     3.3481 r
  U2747/Y (NAND2X8TS)                                   0.0857     3.4338 f
  U2553/Y (NAND2X4TS)                                   0.1037     3.5375 r
  U3695/Y (AOI21X4TS)                                   0.1057     3.6432 f
  U3665/Y (XOR2X4TS)                                    0.1455     3.7887 r
  U3663/Y (OAI21X2TS)                                   0.1392     3.9279 f
  ALU_sum_reg_35_/D (DFFRHQX4TS)                        0.0000     3.9279 f
  data arrival time                                                3.9279

  clock clk2 (rise edge)                               60.0000    60.0000
  clock network delay (ideal)                           0.0000    60.0000
  clock reconvergence pessimism                         0.0000    60.0000
  ALU_sum_reg_35_/CK (DFFRHQX4TS)                                 60.0000 r
  library setup time                                   -0.2405    59.7595
  data required time                                              59.7595
  ------------------------------------------------------------------------------
  data required time                                              59.7595
  data arrival time                                               -3.9279
  ------------------------------------------------------------------------------
  slack (MET)                                                     55.8315


1
****************************************
Report : Switching Activity
	
Design : fircore
Version: U-2022.12-SP5
Date   : Wed Dec 17 18:46:37 2025
****************************************

 Switching Activity Overview Statistics for "fircore"
----------------------------------------------------------------------------------------------------------------------------------------------------------------------------------------------
                  From Activity     From         From         From             From            From                                                            Not
Object Type       File (%)          SSA (%)      SSA Force (%) SSA Force (%)   SCA (%)         Clock (%)       Default (%)     Propagated(%)   Implied(%)      Annotated(%)  Total
                                                 Annotated    Implied                                                                                                        
----------------------------------------------------------------------------------------------------------------------------------------------------------------------------------------------
 Nets             0(0.00%)          0(0.00%)     0(0.00%)     0(0.00%)         0(0.00%)        0(0.00%)        0(0.00%)        0(0.00%)        0(0.00%)        11353(100.00%) 11353
----------------------------------------------------------------------------------------------------------------------------------------------------------------------------------------------
Nets Driven by
----------------------------------------------------------------------------------------------------------------------------------------------------------------------------------------------
Primary Input     0(0.00%)          0(0.00%)     0(0.00%)     0(0.00%)         0(0.00%)        0(0.00%)        0(0.00%)        0(0.00%)        0(0.00%)        43(100.00%)   43
Tri-State         0(0%)             0(0%)        0(0%)        0(0%)            0(0%)           0(0%)           0(0%)           0(0%)           0(0%)           0(0%)         0
Black Box         0(0%)             0(0%)        0(0%)        0(0%)            0(0%)           0(0%)           0(0%)           0(0%)           0(0%)           0(0%)         0
Sequential        0(0.00%)          0(0.00%)     0(0.00%)     0(0.00%)         0(0.00%)        0(0.00%)        0(0.00%)        0(0.00%)        0(0.00%)        2284(100.00%) 2284
Combinational     0(0.00%)          0(0.00%)     0(0.00%)     0(0.00%)         0(0.00%)        0(0.00%)        0(0.00%)        0(0.00%)        0(0.00%)        9026(100.00%) 9026
Memory            0(0%)             0(0%)        0(0%)        0(0%)            0(0%)           0(0%)           0(0%)           0(0%)           0(0%)           0(0%)         0
Clock Gate        0(0%)             0(0%)        0(0%)        0(0%)            0(0%)           0(0%)           0(0%)           0(0%)           0(0%)           0(0%)         0
----------------------------------------------------------------------------------------------------------------------------------------------------------------------------------------------
 Static Probability Overview Statistics for "fircore"
----------------------------------------------------------------------------------------------------------------------------------------------------------------------------------------------
                  From Activity     From         From         From             From            From                                                            Not
Object Type       File (%)          SSA (%)      SSA Force (%) SSA Force (%)   SCA (%)         Clock (%)       Default (%)     Propagated(%)   Implied(%)      Annotated(%)  Total
                                                 Annotated    Implied                                                                                                        
----------------------------------------------------------------------------------------------------------------------------------------------------------------------------------------------
 Nets             0(0.00%)          0(0.00%)     0(0.00%)     0(0.00%)         0(0.00%)        0(0.00%)        0(0.00%)        0(0.00%)        0(0.00%)        11353(100.00%) 11353
----------------------------------------------------------------------------------------------------------------------------------------------------------------------------------------------
Nets Driven by
----------------------------------------------------------------------------------------------------------------------------------------------------------------------------------------------
Primary Input     0(0.00%)          0(0.00%)     0(0.00%)     0(0.00%)         0(0.00%)        0(0.00%)        0(0.00%)        0(0.00%)        0(0.00%)        43(100.00%)   43
Tri-State         0(0%)             0(0%)        0(0%)        0(0%)            0(0%)           0(0%)           0(0%)           0(0%)           0(0%)           0(0%)         0
Black Box         0(0%)             0(0%)        0(0%)        0(0%)            0(0%)           0(0%)           0(0%)           0(0%)           0(0%)           0(0%)         0
Sequential        0(0.00%)          0(0.00%)     0(0.00%)     0(0.00%)         0(0.00%)        0(0.00%)        0(0.00%)        0(0.00%)        0(0.00%)        2284(100.00%) 2284
Combinational     0(0.00%)          0(0.00%)     0(0.00%)     0(0.00%)         0(0.00%)        0(0.00%)        0(0.00%)        0(0.00%)        0(0.00%)        9026(100.00%) 9026
Memory            0(0%)             0(0%)        0(0%)        0(0%)            0(0%)           0(0%)           0(0%)           0(0%)           0(0%)           0(0%)         0
Clock Gate        0(0%)             0(0%)        0(0%)        0(0%)            0(0%)           0(0%)           0(0%)           0(0%)           0(0%)           0(0%)         0
----------------------------------------------------------------------------------------------------------------------------------------------------------------------------------------------
1
****************************************
Report : Switching Activity
	-list_not_annotated
Design : fircore
Version: U-2022.12-SP5
Date   : Wed Dec 17 18:46:37 2025
****************************************

 Switching Activity Overview Statistics for "fircore"
----------------------------------------------------------------------------------------------------------------------------------------------------------------------------------------------
                  From Activity     From         From         From             From            From                                                            Not
Object Type       File (%)          SSA (%)      SSA Force (%) SSA Force (%)   SCA (%)         Clock (%)       Default (%)     Propagated(%)   Implied(%)      Annotated(%)  Total
                                                 Annotated    Implied                                                                                                        
----------------------------------------------------------------------------------------------------------------------------------------------------------------------------------------------
 Nets             0(0.00%)          0(0.00%)     0(0.00%)     0(0.00%)         0(0.00%)        0(0.00%)        0(0.00%)        0(0.00%)        0(0.00%)        11353(100.00%) 11353
----------------------------------------------------------------------------------------------------------------------------------------------------------------------------------------------
Nets Driven by
----------------------------------------------------------------------------------------------------------------------------------------------------------------------------------------------
Primary Input     0(0.00%)          0(0.00%)     0(0.00%)     0(0.00%)         0(0.00%)        0(0.00%)        0(0.00%)        0(0.00%)        0(0.00%)        43(100.00%)   43
Tri-State         0(0%)             0(0%)        0(0%)        0(0%)            0(0%)           0(0%)           0(0%)           0(0%)           0(0%)           0(0%)         0
Black Box         0(0%)             0(0%)        0(0%)        0(0%)            0(0%)           0(0%)           0(0%)           0(0%)           0(0%)           0(0%)         0
Sequential        0(0.00%)          0(0.00%)     0(0.00%)     0(0.00%)         0(0.00%)        0(0.00%)        0(0.00%)        0(0.00%)        0(0.00%)        2284(100.00%) 2284
Combinational     0(0.00%)          0(0.00%)     0(0.00%)     0(0.00%)         0(0.00%)        0(0.00%)        0(0.00%)        0(0.00%)        0(0.00%)        9026(100.00%) 9026
Memory            0(0%)             0(0%)        0(0%)        0(0%)            0(0%)           0(0%)           0(0%)           0(0%)           0(0%)           0(0%)         0
Clock Gate        0(0%)             0(0%)        0(0%)        0(0%)            0(0%)           0(0%)           0(0%)           0(0%)           0(0%)           0(0%)         0
----------------------------------------------------------------------------------------------------------------------------------------------------------------------------------------------
 Static Probability Overview Statistics for "fircore"
----------------------------------------------------------------------------------------------------------------------------------------------------------------------------------------------
                  From Activity     From         From         From             From            From                                                            Not
Object Type       File (%)          SSA (%)      SSA Force (%) SSA Force (%)   SCA (%)         Clock (%)       Default (%)     Propagated(%)   Implied(%)      Annotated(%)  Total
                                                 Annotated    Implied                                                                                                        
----------------------------------------------------------------------------------------------------------------------------------------------------------------------------------------------
 Nets             0(0.00%)          0(0.00%)     0(0.00%)     0(0.00%)         0(0.00%)        0(0.00%)        0(0.00%)        0(0.00%)        0(0.00%)        11353(100.00%) 11353
----------------------------------------------------------------------------------------------------------------------------------------------------------------------------------------------
Nets Driven by
----------------------------------------------------------------------------------------------------------------------------------------------------------------------------------------------
Primary Input     0(0.00%)          0(0.00%)     0(0.00%)     0(0.00%)         0(0.00%)        0(0.00%)        0(0.00%)        0(0.00%)        0(0.00%)        43(100.00%)   43
Tri-State         0(0%)             0(0%)        0(0%)        0(0%)            0(0%)           0(0%)           0(0%)           0(0%)           0(0%)           0(0%)         0
Black Box         0(0%)             0(0%)        0(0%)        0(0%)            0(0%)           0(0%)           0(0%)           0(0%)           0(0%)           0(0%)         0
Sequential        0(0.00%)          0(0.00%)     0(0.00%)     0(0.00%)         0(0.00%)        0(0.00%)        0(0.00%)        0(0.00%)        0(0.00%)        2284(100.00%) 2284
Combinational     0(0.00%)          0(0.00%)     0(0.00%)     0(0.00%)         0(0.00%)        0(0.00%)        0(0.00%)        0(0.00%)        0(0.00%)        9026(100.00%) 9026
Memory            0(0%)             0(0%)        0(0%)        0(0%)            0(0%)           0(0%)           0(0%)           0(0%)           0(0%)           0(0%)         0
Clock Gate        0(0%)             0(0%)        0(0%)        0(0%)            0(0%)           0(0%)           0(0%)           0(0%)           0(0%)           0(0%)         0
----------------------------------------------------------------------------------------------------------------------------------------------------------------------------------------------


List of nonannotated nets :
	CMEM/n943
	CMEM/n13
	CMEM/n944
	n2397
	CMEM/n16
	CMEM/n3244
	n2411
	CMEM/n30
	CMEM/n945
	n2412
	CMEM/n38
	n2494
	CMEM/n946
	CMEM/n45
	CMEM/n947
	n2611
	CMEM/n3917
	CMEM/n1120
	n2698
	CMEM/n3918
	CMEM/n948
	n2797
	CMEM/n2383
	n2802
	CMEM/n1121
	CMEM/n2395
	CMEM/n949
	n2803
	CMEM/n82
	CMEM/n1122
	n2808
	CMEM/n84
	CMEM/n1123
	n2809
	CMEM/n91
	n2817
	CMEM/n1124
	CMEM/n92
	CMEM/n1125
	n2818
	CMEM/n3942
	CMEM/n1126
	n2821
	CMEM/n3943
	CMEM/n1127
	n2822
	CMEM/n1824
	n2828
	CMEM/n1128
	CMEM/n3971
	CMEM/n1129
	n2841
	CMEM/n3972
	CMEM/n950
	n2875
	CMEM/n3973
	CMEM/n951
	n2882
	CMEM/n3975
	n2883
	CMEM/n952
	CMEM/n3980
	CMEM/n953
	n2897
	CMEM/n3405
	CMEM/n954
	n3028
	CMEM/n3983
	CMEM/n955
	n3543
	CMEM/n3985
	n3662
	CMEM/n956
	CMEM/n3408
	CMEM/n957
	n3808
	CMEM/n3986
	CMEM/n1130
	n3809
	CMEM/n3994
	CMEM/n958
	n3815
	CMEM/n3417
	n3817
	CMEM/n959
	CMEM/n3996
	CMEM/n960
	n3831
	CMEM/n3419
	CMEM/n961
	n3843
	CMEM/n3422
	CMEM/n962
	n3876
	CMEM/n3424
	n3877
	CMEM/n963
	CMEM/n1300
	CMEM/n964
	n3883
	CMEM/n3427
	CMEM/n965
	n3901
	CMEM/n1302
	CMEM/n966
	n3905
	CMEM/n1303
	n3911
	CMEM/n3266
	CMEM/n1304
	CMEM/n967
	n3914
	CMEM/n1305
	CMEM/n968
	n3920
	CMEM/n3444
	CMEM/n969
	n3925
	CMEM/n3449
	n3929
	CMEM/n1147
	CMEM/n3457
	CMEM/n1148
	n3940
	CMEM/n1339
	CMEM/n1149
	n3980
	CMEM/n1341
	CMEM/n970
	n4049
	CMEM/n1342
	n4051
	CMEM/n971
	CMEM/n3469
	CMEM/n972
	n4063
	CMEM/n1346
	CMEM/n973
	n4067
	CMEM/n1357
	CMEM/n3273
	n4082
	CMEM/n3481
	n4084
	CMEM/n974
	CMEM/n3485
	CMEM/n975
	n4088
	CMEM/n3488
	CMEM/n976
	n4105
	CMEM/n3489
	CMEM/n977
	n4123
	CMEM/n1365
	n4142
	CMEM/n1150
	CMEM/n3492
	CMEM/n978
	n4147
	CMEM/n3493
	CMEM/n1151
	n4148
	CMEM/n3495
	CMEM/n979
	n4150
	CMEM/n3497
	n4152
	CMEM/n1152
	CMEM/n3499
	CMEM/n1153
	n4154
	CMEM/n1372
	CMEM/n1154
	n4155
	CMEM/n1374
	CMEM/n1155
	n4157
	CMEM/n1375
	n4158
	CMEM/n1156
	CMEM/n1383
	CMEM/n1157
	n4160
	CMEM/n1387
	CMEM/n1158
	n4166
	CMEM/n1399
	CMEM/n1159
	n4169
	CMEM/n102
	n4171
	CMEM/n980
	CMEM/n103
	CMEM/n981
	n4172
	CMEM/n2979
	CMEM/n982
	n4174
	CMEM/n108
	CMEM/n983
	n4179
	CMEM/n2981
	n4192
	CMEM/n984
	CMEM/n112
	CMEM/n985
	n4194
	CMEM/n113
	CMEM/n986
	n4206
	CMEM/n114
	CMEM/n987
	n4207
	CMEM/n2989
	n4209
	CMEM/n1160
	CMEM/n118
	CMEM/n988
	n4218
	CMEM/n2993
	CMEM/n1161
	n4219
	CMEM/n2417
	CMEM/n989
	n4223
	CMEM/n2995
	n4230
	CMEM/n1162
	CMEM/n123
	CMEM/n1163
	n4236
	CMEM/n124
	CMEM/n1164
	n4240
	CMEM/n2999
	CMEM/n1165
	n4241
	CMEM/n125
	n4242
	CMEM/n1166
	CMEM/n126
	CMEM/n1167
	n4243
	CMEM/n2420
	CMEM/n1168
	n4251
	CMEM/n2438
	CMEM/n1169
	n4262
	CMEM/n153
	n4276
	CMEM/n990
	CMEM/n2458
	CMEM/n991
	n4284
	CMEM/n2461
	CMEM/n992
	n4288
	CMEM/n4014
	CMEM/n993
	n4289
	CMEM/n4016
	n4291
	CMEM/n994
	CMEM/n2470
	CMEM/n995
	n4295
	CMEM/n2478
	CMEM/n996
	n4301
	CMEM/n4029
	CMEM/n997
	n4309
	CMEM/n4031
	n4320
	CMEM/n1170
	CMEM/n4042
	CMEM/n998
	n4324
	CMEM/n4053
	CMEM/n1171
	n4325
	CMEM/n4066
	CMEM/n999
	n4333
	CMEM/n4075
	n4339
	CMEM/n1172
	CMEM/n3501
	CMEM/n1173
	n4343
	CMEM/n3504
	CMEM/n1174
	n4358
	CMEM/n4090
	CMEM/n1175
	n4359
	CMEM/n4093
	n4363
	CMEM/n1176
	CMEM/n4096
	CMEM/n1177
	n4375
	CMEM/n4098
	CMEM/n1178
	n4379
	CMEM/n4099
	CMEM/n1179
	n4382
	CMEM/n3513
	n4390
	CMEM/n427
	CMEM/n3516
	CMEM/n428
	n4396
	CMEM/n3520
	CMEM/n429
	n4401
	CMEM/n1400
	CMEM/n1180
	n4410
	CMEM/n3527
	n4417
	CMEM/n1181
	CMEM/n1401
	CMEM/n1182
	n4432
	CMEM/n1403
	CMEM/n1183
	n4437
	CMEM/n1404
	CMEM/n1184
	n4438
	CMEM/n3530
	n4441
	CMEM/n1185
	CMEM/n3533
	CMEM/n1186
	n4510
	CMEM/n3536
	CMEM/n1187
	n4512
	CMEM/n1411
	CMEM/n1188
	n4525
	CMEM/n3539
	n4530
	CMEM/n1189
	CMEM/n1419
	n4535
	n2426
	CMEM/n3546
	n4539
	n2619
	CMEM/n3548
	n4546
	n2620
	CMEM/n1425
	n4553
	n2621
	CMEM/n1426
	n4555
	n2835
	CMEM/n3551
	n4565
	n2955
	CMEM/n3555
	n4585
	n3175
	CMEM/n1430
	n4591
	n3176
	CMEM/n3559
	n4647
	n3230
	CMEM/n3563
	n4665
	n3399
	CMEM/n1441
	n4666
	n3523
	CMEM/n1445
	n4713
	n3524
	CMEM/n1450
	n4932
	n3585
	CMEM/n3579
	n4933
	n3653
	CMEM/n3001
	n4947
	n3654
	CMEM/n3005
	n4964
	n3899
	CMEM/n3583
	n4974
	n4003
	CMEM/n3007
	n4979
	n4015
	CMEM/n3586
	n4981
	n4473
	CMEM/n1461
	n4982
	n4479
	CMEM/n3589
	n4983
	n4485
	CMEM/n3011
	n4985
	n4496
	CMEM/n3593
	n4989
	n4500
	CMEM/n3016
	n4994
	n4648
	CMEM/n3597
	n5000
	n5272
	CMEM/n3020
	n5005
	n5278
	CMEM/n3022
	n5010
	CMEM/n4316
	CMEM/n3026
	n5016
	CMEM/n491
	CMEM/n1484
	n5021
	CMEM/n492
	CMEM/n3031
	n5026
	CMEM/n493
	CMEM/n3034
	n5032
	CMEM/n494
	CMEM/n3036
	n5037
	CMEM/n495
	CMEM/n3039
	n5042
	CMEM/n496
	CMEM/n1497
	n5047
	CMEM/n497
	CMEM/n1499
	n5052
	CMEM/n498
	CMEM/n3046
	n5057
	CMEM/n499
	CMEM/n3048
	n5062
	CMEM/n4388
	CMEM/n3052
	n5083
	CMEM/n4389
	CMEM/n3054
	n5099
	CMEM/n3813
	CMEM/n3056
	n5101
	CMEM/n3825
	CMEM/n3058
	n5123
	CMEM/n3835
	CMEM/n3060
	n5139
	CMEM/n3859
	CMEM/n3062
	n5155
	CMEM/n3880
	CMEM/n3064
	n5164
	CMEM/n3896
	CMEM/n3066
	n5169
	CMEM/n500
	CMEM/n3072
	n5174
	CMEM/n501
	CMEM/n3075
	n5179
	CMEM/n502
	CMEM/n3077
	n5184
	CMEM/n503
	CMEM/n3079
	n5189
	CMEM/n504
	CMEM/n3081
	n5194
	CMEM/n505
	CMEM/n3085
	n5199
	CMEM/n506
	CMEM/n3090
	n5204
	CMEM/n3911
	CMEM/n3092
	n5226
	CMEM/n3923
	CMEM/n3097
	n5242
	CMEM/n3934
	CMEM/n3099
	n5248
	CMEM/n3948
	CMEM/n2529
	n5250
	CMEM/n3958
	CMEM/n2537
	n5259
	CMEM/n3981
	CMEM/n2541
	n5265
	CMEM/n1326
	CMEM/n4106
	n5267
	CMEM/n619
	CMEM/n4107
	n5296
	CMEM/n620
	CMEM/n4108
	n5297
	CMEM/n621
	CMEM/n4113
	n5304
	CMEM/n622
	CMEM/n4114
	n5337
	CMEM/n623
	CMEM/n4117
	n5391
	CMEM/n624
	CMEM/n2008
	n5395
	CMEM/n625
	CMEM/n4130
	CMEM/n42
	CMEM/n626
	CMEM/n4147
	CMEM/n1311
	CMEM/n627
	CMEM/n2021
	CMEM/n1336
	CMEM/n628
	CMEM/n4154
	CMEM/n1352
	CMEM/n629
	CMEM/n4160
	CMEM/n1354
	CMEM/n630
	CMEM/n4161
	CMEM/n135
	CMEM/n631
	CMEM/n4162
	CMEM/n137
	CMEM/n632
	CMEM/n4166
	CMEM/n162
	CMEM/n633
	CMEM/n4167
	CMEM/n165
	CMEM/n634
	CMEM/n9
	CMEM/n167
	CMEM/n1394
	CMEM/n4180
	CMEM/n1544
	CMEM/n1395
	CMEM/n4186
	CMEM/n146
	n948
	CMEM/n4188
	CMEM/n4004
	n949
	CMEM/n3608
	CMEM/n4039
	n950
	CMEM/n2078
	n951
	CMEM/n4061
	CMEM/n3612
	CMEM/n4085
	n1802
	CMEM/n3615
	CMEM/n1456
	n1803
	CMEM/n3618
	CMEM/n1469
	n1804
	CMEM/n3621
	n1805
	CMEM/n1481
	CMEM/n3623
	CMEM/n1491
	n1806
	CMEM/n3626
	CMEM/n747
	n1807
	CMEM/n1508
	CMEM/n748
	n1808
	CMEM/n3630
	n1809
	CMEM/n749
	CMEM/n3632
	CMEM/n750
	n1810
	CMEM/n3635
	CMEM/n751
	n1811
	CMEM/n3638
	CMEM/n752
	n1812
	CMEM/n1519
	n1813
	CMEM/n753
	CMEM/n3642
	CMEM/n754
	n1814
	CMEM/n3645
	CMEM/n755
	n1815
	CMEM/n1520
	CMEM/n756
	n1816
	CMEM/n3648
	n1817
	CMEM/n757
	CMEM/n3650
	CMEM/n758
	n1929
	CMEM/n3652
	CMEM/n759
	n1930
	CMEM/n3657
	CMEM/n760
	n1931
	CMEM/n1535
	n1932
	CMEM/n761
	CMEM/n3667
	CMEM/n762
	n1934
	CMEM/n3669
	CMEM/n235
	n1935
	CMEM/n1549
	CMEM/n236
	n1936
	CMEM/n3670
	n1938
	CMEM/n237
	CMEM/n3677
	CMEM/n238
	n2157
	CMEM/n3679
	CMEM/n239
	n2176
	CMEM/n3680
	CMEM/n240
	n2276
	CMEM/n3107
	n2277
	CMEM/n241
	CMEM/n3109
	CMEM/n242
	n2288
	CMEM/n1561
	CMEM/n243
	n2289
	CMEM/n3688
	CMEM/n244
	n2296
	CMEM/n3112
	n2301
	CMEM/n245
	CMEM/n3690
	CMEM/n246
	n2302
	CMEM/n3114
	CMEM/n247
	n2420
	CMEM/n1571
	CMEM/n248
	n2421
	CMEM/n3122
	n2435
	CMEM/n249
	CMEM/n3126
	CMEM/n250
	n2485
	CMEM/n3131
	CMEM/n4127
	n2486
	CMEM/n3138
	CMEM/n299
	n2495
	CMEM/n3140
	n2496
	CMEM/n4152
	CMEM/n3143
	CMEM/n4199
	n2497
	CMEM/n3146
	CMEM/n1518
	n2498
	CMEM/n3148
	CMEM/n3660
	n2546
	CMEM/n3151
	n2608
	CMEM/n1540
	CMEM/n3155
	CMEM/n3674
	n2610
	CMEM/n3157
	CMEM/n811
	n2612
	CMEM/n3159
	CMEM/n812
	n2613
	CMEM/n3164
	n2614
	CMEM/n813
	CMEM/n3171
	CMEM/n814
	n2629
	CMEM/n4207
	CMEM/n815
	n2630
	CMEM/n4208
	CMEM/n816
	n2648
	CMEM/n4209
	n2649
	CMEM/n817
	CMEM/n4211
	CMEM/n818
	n2650
	CMEM/n4212
	CMEM/n819
	n2651
	CMEM/n4213
	CMEM/n3697
	n2654
	CMEM/n4216
	n2703
	CMEM/n3698
	CMEM/n4225
	CMEM/n820
	n2780
	CMEM/n4231
	CMEM/n821
	n2810
	CMEM/n4235
	CMEM/n822
	n2811
	CMEM/n4236
	n2823
	CMEM/n823
	CMEM/n4238
	CMEM/n824
	n2824
	CMEM/n2696
	CMEM/n825
	n2851
	CMEM/n2698
	CMEM/n826
	n2861
	CMEM/n4240
	n2868
	CMEM/n827
	CMEM/n4249
	CMEM/n828
	n2869
	CMEM/n4253
	CMEM/n829
	n2917
	CMEM/n4254
	CMEM/n1003
	n2956
	CMEM/n4255
	n2964
	CMEM/n1004
	CMEM/n4267
	CMEM/n1005
	n3480
	CMEM/n4280
	CMEM/n1006
	n3607
	CMEM/n4281
	CMEM/n1007
	n3620
	CMEM/n4283
	n3660
	CMEM/n1008
	CMEM/n4284
	CMEM/n1009
	n3692
	CMEM/n2164
	CMEM/n830
	n3695
	CMEM/n3703
	CMEM/n831
	n3703
	CMEM/n4296
	n3720
	CMEM/n832
	CMEM/n3712
	CMEM/n833
	n3726
	CMEM/n2187
	CMEM/n834
	n3731
	CMEM/n3725
	CMEM/n835
	n3738
	CMEM/n3734
	n3750
	CMEM/n836
	CMEM/n3749
	CMEM/n837
	n3757
	CMEM/n3752
	CMEM/n1010
	n3770
	CMEM/n3780
	CMEM/n838
	n3779
	CMEM/n3205
	n3789
	CMEM/n1011
	CMEM/n3783
	CMEM/n839
	n3800
	CMEM/n3784
	CMEM/n1012
	n3802
	CMEM/n3207
	CMEM/n1013
	n3805
	CMEM/n3786
	n3811
	CMEM/n1014
	CMEM/n1668
	CMEM/n1015
	n3818
	CMEM/n3211
	CMEM/n1016
	n3836
	CMEM/n3213
	CMEM/n1017
	n3838
	CMEM/n3214
	n3844
	CMEM/n1018
	CMEM/n3792
	CMEM/n840
	n3860
	CMEM/n3216
	CMEM/n841
	n3890
	CMEM/n3794
	CMEM/n842
	n3949
	CMEM/n3219
	n3950
	CMEM/n843
	CMEM/n3221
	CMEM/n844
	n3970
	CMEM/n3223
	CMEM/n845
	n3985
	CMEM/n3226
	CMEM/n846
	n4005
	CMEM/n3229
	n4042
	CMEM/n847
	CMEM/n1689
	CMEM/n848
	n4045
	CMEM/n3231
	CMEM/n849
	n4047
	CMEM/n3232
	CMEM/n850
	n4048
	CMEM/n3234
	n4053
	CMEM/n851
	CMEM/n3236
	CMEM/n852
	n4054
	CMEM/n1696
	CMEM/n853
	n4059
	CMEM/n3240
	CMEM/n854
	n4060
	CMEM/n3243
	n4061
	CMEM/n855
	CMEM/n3245
	CMEM/n856
	n4062
	CMEM/n3247
	CMEM/n857
	n4065
	CMEM/n3249
	CMEM/n858
	n4068
	CMEM/n3251
	n4070
	CMEM/n859
	CMEM/n3255
	CMEM/n860
	n4072
	CMEM/n3258
	CMEM/n861
	n4074
	CMEM/n3261
	CMEM/n862
	n4075
	CMEM/n3264
	n4076
	CMEM/n863
	CMEM/n3267
	CMEM/n864
	n4077
	CMEM/n3270
	CMEM/n865
	n4090
	CMEM/n3272
	CMEM/n866
	n4094
	CMEM/n3274
	n4101
	CMEM/n867
	CMEM/n3277
	CMEM/n868
	n4102
	CMEM/n3279
	CMEM/n869
	n4103
	CMEM/n3281
	CMEM/n870
	n4104
	CMEM/n3286
	n4106
	CMEM/n871
	CMEM/n3288
	CMEM/n872
	n4107
	CMEM/n3291
	CMEM/n873
	n4111
	CMEM/n3294
	CMEM/n874
	n4114
	CMEM/n3297
	n4121
	CMEM/n875
	CMEM/n3299
	CMEM/n876
	n4127
	CMEM/n2712
	CMEM/n877
	n4128
	CMEM/n2715
	CMEM/n878
	n4129
	n1996
	n4131
	CMEM/n879
	n2013
	CMEM/n300
	n4161
	n2024
	CMEM/n301
	n4163
	n2027
	CMEM/n302
	n4164
	n2028
	n4165
	CMEM/n880
	n2030
	CMEM/n303
	n4167
	n2031
	CMEM/n881
	n4168
	n2032
	CMEM/n304
	n4170
	n2033
	n4173
	CMEM/n882
	n2034
	CMEM/n305
	n4180
	n2035
	CMEM/n883
	n4197
	n2036
	CMEM/n306
	n4205
	n2037
	n4244
	CMEM/n884
	n2038
	CMEM/n307
	n4245
	n2039
	CMEM/n885
	n4266
	n2040
	CMEM/n308
	n4270
	n2041
	n4296
	CMEM/n886
	n2042
	CMEM/n309
	n4297
	n2044
	CMEM/n887
	n4305
	n2045
	CMEM/n888
	n4326
	n2046
	n4327
	CMEM/n889
	n2047
	CMEM/n310
	n4342
	n2048
	CMEM/n311
	n4345
	n2049
	CMEM/n312
	n4383
	n2050
	n4384
	CMEM/n890
	n2051
	CMEM/n313
	n4394
	n2052
	CMEM/n891
	n4397
	n2053
	CMEM/n314
	n4402
	n2054
	n4403
	CMEM/n892
	n2055
	CMEM/n315
	n4404
	n2056
	CMEM/n893
	n4423
	n2057
	CMEM/n316
	n4426
	n2058
	n4436
	CMEM/n894
	n2059
	CMEM/n317
	n4444
	n2076
	CMEM/n895
	n4513
	n2205
	CMEM/n318
	n4514
	n2206
	n4518
	CMEM/n896
	n2294
	CMEM/n319
	n4532
	n2345
	CMEM/n897
	n4540
	n2349
	CMEM/n898
	n4541
	n2398
	n4542
	CMEM/n899
	n2832
	CMEM/n320
	n4556
	n2837
	CMEM/n321
	n4568
	n2843
	CMEM/n322
	n4571
	n2852
	n4592
	CMEM/n323
	n2856
	CMEM/n324
	n4594
	n2871
	CMEM/n325
	n4664
	n2874
	CMEM/n326
	n4667
	n2879
	n4668
	CMEM/n327
	n2888
	CMEM/n328
	n4712
	n2892
	CMEM/n329
	n4847
	n2894
	CMEM/n330
	n4891
	n2896
	n4929
	CMEM/n331
	n2905
	CMEM/n332
	n4930
	n2910
	CMEM/n333
	n4931
	n2912
	CMEM/n334
	n4934
	n2918
	n4935
	CMEM/n335
	n2930
	CMEM/n336
	n4936
	n2959
	CMEM/n337
	n4940
	n2960
	CMEM/n338
	n4945
	n2965
	n4951
	CMEM/n339
	n2966
	CMEM/n340
	n4957
	n2970
	CMEM/n341
	n4962
	n2976
	CMEM/n342
	n4968
	n2977
	n4971
	CMEM/n343
	n2987
	CMEM/n344
	n4972
	n2992
	CMEM/n345
	n4973
	n2996
	CMEM/n346
	n4975
	n3005
	n4976
	CMEM/n347
	n3012
	CMEM/n348
	n4977
	n3013
	CMEM/n349
	n4978
	n3017
	CMEM/n350
	n4980
	n3018
	n4986
	CMEM/n351
	n3022
	CMEM/n352
	n4987
	n3023
	CMEM/n353
	n4988
	n3029
	CMEM/n354
	n4990
	n3039
	n4991
	CMEM/n355
	n3040
	CMEM/n356
	n4992
	n3045
	CMEM/n357
	n4993
	n3046
	CMEM/n358
	n4995
	n3052
	n4997
	CMEM/n359
	n3064
	CMEM/n360
	n4998
	n3072
	CMEM/n361
	n4999
	n3076
	CMEM/n362
	n5001
	n3078
	n5002
	CMEM/n363
	n3084
	CMEM/n364
	n5003
	n3088
	CMEM/n365
	n5004
	n3089
	CMEM/n366
	n5006
	n3097
	n5007
	CMEM/n367
	n3102
	CMEM/n368
	n5008
	n3106
	CMEM/n369
	n5009
	n3107
	CMEM/n370
	n5011
	n3115
	n5013
	CMEM/n371
	n3122
	CMEM/n372
	n5014
	n3127
	CMEM/n373
	n5015
	n3129
	CMEM/n374
	n5017
	n3132
	n5018
	CMEM/n375
	n3139
	CMEM/n376
	n5019
	n3150
	CMEM/n377
	n5020
	n3159
	CMEM/n378
	n5022
	n3167
	n5023
	CMEM/n379
	n3180
	CMEM/n380
	n5024
	n3186
	CMEM/n381
	n5025
	n3193
	CMEM/n382
	n5027
	n3194
	n5029
	CMEM/n383
	n3198
	CMEM/n384
	n5030
	n3206
	CMEM/n385
	n5031
	n3222
	CMEM/n386
	n5033
	n3234
	n5034
	CMEM/n387
	n3240
	CMEM/n388
	n5035
	n3246
	CMEM/n389
	n5036
	n3251
	CMEM/n390
	n5038
	n3252
	n5039
	CMEM/n391
	n3259
	CMEM/n392
	n5040
	n3260
	CMEM/n393
	n5041
	n3262
	CMEM/n394
	n5043
	n3278
	n5044
	CMEM/n395
	n3279
	CMEM/n396
	n5045
	n3284
	CMEM/n397
	n5046
	n3287
	CMEM/n398
	n5048
	n3289
	n5049
	CMEM/n399
	n3290
	CMEM/n4273
	n5050
	n3292
	CMEM/n3709
	n5051
	n3299
	CMEM/n3721
	n5053
	n3303
	n5054
	CMEM/n3731
	n3305
	CMEM/n3743
	n5055
	n3312
	CMEM/n3757
	n5056
	n3315
	CMEM/n3769
	n5058
	n3316
	n5059
	CMEM/n900
	n3318
	CMEM/n901
	n5060
	n3321
	CMEM/n902
	n5061
	n3322
	CMEM/n903
	n5063
	n3324
	n5067
	CMEM/n904
	n3328
	CMEM/n905
	n5072
	n3330
	CMEM/n906
	n5077
	n3340
	CMEM/n907
	n5080
	n3342
	n5081
	CMEM/n908
	n3345
	CMEM/n909
	n5082
	n3346
	CMEM/n3789
	n5084
	n3348
	CMEM/n910
	n5088
	n3352
	n5093
	CMEM/n911
	n3354
	CMEM/n912
	n5096
	n3362
	CMEM/n913
	n5097
	n3368
	CMEM/n914
	n5098
	n3371
	n5100
	CMEM/n915
	n3378
	CMEM/n916
	n5105
	n3381
	CMEM/n917
	n5111
	n3384
	CMEM/n918
	n5116
	n3393
	n5121
	CMEM/n919
	n3404
	CMEM/n920
	n5127
	n3405
	CMEM/n921
	n5132
	n3408
	CMEM/n922
	n5137
	n3409
	n5143
	CMEM/n923
	n3411
	CMEM/n924
	n5148
	n3416
	CMEM/n925
	n5153
	n3417
	CMEM/n926
	n5159
	n3419
	n5161
	CMEM/n927
	n3423
	CMEM/n928
	n5162
	n3424
	CMEM/n929
	n5163
	n3425
	CMEM/n930
	n5165
	n3426
	n5166
	CMEM/n931
	n3434
	CMEM/n932
	n5167
	n3436
	CMEM/n933
	n5168
	n3442
	CMEM/n934
	n5170
	n3447
	n5171
	CMEM/n935
	n3448
	CMEM/n936
	n5172
	n3450
	CMEM/n937
	n5173
	n3454
	CMEM/n938
	n5175
	n3455
	n5176
	CMEM/n1131
	n3456
	CMEM/n1132
	n5177
	n3457
	CMEM/n1133
	n5178
	n3464
	CMEM/n1134
	n5180
	n3469
	n5181
	CMEM/n1135
	n3470
	CMEM/n1136
	n5182
	n3471
	CMEM/n1137
	n5183
	n3476
	CMEM/n1138
	n5185
	n3482
	n5186
	CMEM/n1139
	n3483
	CMEM/n1140
	n5187
	n3493
	CMEM/n1141
	n5188
	n3497
	CMEM/n1142
	n5190
	n3501
	n5191
	CMEM/n1143
	n3503
	CMEM/n1144
	n5192
	n3505
	CMEM/n1145
	n5193
	n3506
	CMEM/n1146
	n5195
	n3508
	n5196
	CMEM/n400
	n3514
	CMEM/n401
	n5197
	n3515
	CMEM/n402
	n5198
	n3517
	CMEM/n403
	n5200
	n3530
	n5201
	CMEM/n404
	n3531
	CMEM/n405
	n5202
	n3538
	CMEM/n406
	n5203
	n3539
	CMEM/n407
	n5205
	n3552
	n5210
	CMEM/n408
	n3560
	CMEM/n409
	n5215
	n3561
	CMEM/n410
	n5220
	n3566
	CMEM/n411
	n5223
	n3568
	n5224
	CMEM/n412
	n3576
	CMEM/n413
	n5225
	n3577
	CMEM/n414
	n5227
	n3578
	CMEM/n415
	n5231
	n3601
	n5236
	CMEM/n416
	n3603
	CMEM/n417
	n5239
	n3611
	CMEM/n418
	n5240
	n3619
	CMEM/n419
	n5241
	n3621
	n5243
	CMEM/n420
	n3624
	CMEM/n421
	n5245
	n3627
	CMEM/n422
	n5246
	n3636
	CMEM/n423
	n5247
	n3645
	n5249
	CMEM/n424
	n3646
	CMEM/n425
	n5254
	n3715
	CMEM/n426
	n5256
	n3727
	n5257
	ALU_U_mult_ShiftB_N22
	n3732
	n5258
	n2075
	n3740
	n5260
	n2201
	n3752
	n5262
	n2202
	n3753
	n5263
	n2203
	n3758
	n5264
	n2204
	n3761
	n5266
	n2615
	n3772
	n5268
	n2683
	n3781
	n5299
	n2685
	n3783
	n5305
	n2690
	n3796
	n5307
	n2762
	n3995
	n5314
	n4000
	n3999
	n5330
	n4004
	n4006
	n5336
	n4016
	n4014
	n5392
	n4017
	n4035
	n5393
	n4451
	n4448
	n5394
	n4459
	n4452
	CMEM/n1221
	n4465
	n4458
	CMEM/n1226
	n4474
	n4464
	CMEM/n20
	n4480
	n4472
	CMEM/n43
	n4486
	n4478
	CMEM/n46
	n4489
	n4484
	CMEM/n50
	n4501
	n4491
	CMEM/n51
	n4504
	n4499
	CMEM/n1334
	n4660
	n4505
	CMEM/n1338
	n5273
	n4570
	CMEM/n1355
	n5280
	n4576
	CMEM/n1360
	n5284
	n4587
	CMEM/n136
	cmem_out_Q[1]
	n4609
	CMEM/n142
	CMEM/n4317
	n4615
	CMEM/n163
	CMEM/n4318
	n4621
	CMEM/n166
	CMEM/n3814
	n4629
	CMEM/n169
	CMEM/n3837
	n4633
	CMEM/n5
	CMEM/n3838
	n4640
	CMEM/n7
	CMEM/n3882
	n4644
	CMEM/n8
	CMEM/n3883
	n4653
	CMEM/n1568
	CMEM/n3913
	n4659
	CMEM/n1587
	CMEM/n3914
	n4771
	CMEM/n1644
	CMEM/n3936
	n4787
	ALU_U_mult_N16
	CMEM/n3937
	n4816
	ALU_U_mult_N15
	CMEM/n3960
	n4825
	n936
	CMEM/n3961
	n4897
	n937
	CMEM/n1319
	n4908
	n938
	CMEM/n1324
	n4918
	n939
	n4927
	n940
	n5281
	CMEM/n4006
	n941
	n5287
	CMEM/n4007
	n942
	n5310
	CMEM/n4062
	n943
	n5335
	n944
	CMEM/n4063
	CMEM/n2725
	CMEM/n1471
	n945
	CMEM/n2727
	CMEM/n1472
	n946
	CMEM/n2734
	CMEM/n1493
	n947
	CMEM/n2736
	n952
	CMEM/n1494
	CMEM/n2737
	CMEM/n4128
	n953
	CMEM/n2739
	CMEM/n4129
	n954
	CMEM/n2743
	CMEM/n1541
	n955
	CMEM/n4300
	n956
	CMEM/n1542
	CMEM/n4308
	CMEM/n3675
	n957
	CMEM/n4311
	CMEM/n3699
	n958
	CMEM/n4312
	CMEM/n4200
	n959
	CMEM/n4326
	n960
	CMEM/n4201
	CMEM/n2789
	CMEM/n3722
	n961
	CMEM/n4330
	CMEM/n3744
	n962
	CMEM/n4333
	CMEM/n3770
	n963
	CMEM/n4334
	n964
	n2074
	CMEM/n4335
	n965
	n2083
	CMEM/n4337
	n966
	n2142
	CMEM/n4339
	n1026
	n2147
	CMEM/n2215
	n1027
	n2329
	CMEM/n4340
	n1028
	n2331
	CMEM/n2223
	n1029
	n2361
	CMEM/n4360
	n1030
	n2453
	CMEM/n4361
	n1031
	n2454
	CMEM/n4365
	n1032
	n2455
	CMEM/n2249
	n1033
	n2466
	CMEM/n4370
	n1034
	n2616
	CMEM/n4372
	n1035
	n2617
	CMEM/n4373
	n1036
	n2618
	CMEM/n4380
	n1037
	n2622
	CMEM/n4382
	n1038
	n2682
	CMEM/n4383
	n1039
	n2687
	CMEM/n2260
	n1040
	n2689
	CMEM/n2268
	n1041
	n2691
	CMEM/n3800
	n1042
	n2708
	CMEM/n3801
	n1043
	n2714
	CMEM/n3802
	n1044
	n2715
	CMEM/n3803
	n1045
	n2737
	CMEM/n3806
	n1046
	n2754
	CMEM/n2272
	n1047
	n2792
	CMEM/n2277
	n1048
	n3826
	CMEM/n3818
	n1049
	n3828
	CMEM/n2283
	n1050
	n3900
	CMEM/n3820
	n1051
	n3936
	CMEM/n3821
	n1052
	n3948
	CMEM/n3823
	n1053
	n4001
	CMEM/n1700
	n1054
	n4007
	CMEM/n3827
	n1055
	n4450
	CMEM/n3828
	n1056
	n4453
	CMEM/n3829
	n1057
	n4460
	CMEM/n3833
	n1058
	n4466
	CMEM/n1717
	n1059
	n4492
	CMEM/n3847
	n1060
	n4506
	CMEM/n3849
	n1061
	n5274
	CMEM/n3852
	n1078
	n5275
	CMEM/n3855
	n1079
	n5288
	CMEM/n3866
	n1080
	cmem_out_Q[7]
	CMEM/n3867
	n1081
	cmem_out_Q[6]
	CMEM/n3869
	n1082
	cmem_out_Q[5]
	CMEM/n3870
	n1083
	cmem_out_Q[4]
	CMEM/n3873
	n1084
	cmem_out_Q[2]
	CMEM/n3878
	n1085
	CMEM/n3815
	CMEM/n3302
	n1086
	CMEM/n3816
	CMEM/n3316
	n1087
	CMEM/n3884
	CMEM/n3894
	n1088
	CMEM/n3885
	CMEM/n1771
	n1089
	CMEM/n3938
	CMEM/n1777
	n1090
	CMEM/n3939
	CMEM/n1781
	n1091
	CMEM/n1316
	CMEM/n1786
	n1092
	CMEM/n1214
	n1093
	CMEM/n1218
	n1094
	CMEM/n1219
	n1095
	CMEM/n3346
	n1096
	CMEM/n3379
	CMEM/n4008
	n1097
	CMEM/n3382
	CMEM/n4009
	n1098
	CMEM/n2800
	n1099
	CMEM/n1495
	CMEM/n2819
	CMEM/n1496
	n1100
	CMEM/n2821
	CMEM/n3700
	n1101
	CMEM/n2831
	CMEM/n3745
	n1102
	CMEM/n2837
	n1103
	CMEM/n3746
	CMEM/n2870
	n1104
	n2138
	CMEM/n2877
	n1105
	n2141
	CMEM/n2305
	n1106
	n2143
	CMEM/n2317
	n1107
	n2152
	CMEM/n2319
	n1108
	n2173
	CMEM/n14
	n1141
	n2196
	CMEM/n15
	n1142
	n2197
	CMEM/n31
	n1143
	n2199
	CMEM/n32
	n1144
	n2200
	CMEM/n33
	n1145
	n2269
	CMEM/n34
	n1146
	n2328
	CMEM/n3902
	n1147
	n2356
	CMEM/n3903
	n1148
	n2360
	CMEM/n3904
	n1149
	n2368
	CMEM/n3906
	n1150
	n2369
	CMEM/n3909
	n1151
	n2383
	CMEM/n67
	n1152
	n2388
	CMEM/n68
	n1153
	n2394
	CMEM/n69
	n1154
	n2413
	CMEM/n2386
	n1155
	n2443
	CMEM/n3925
	n1204
	n2475
	CMEM/n3927
	n1205
	n2623
	CMEM/n3928
	n1206
	n2669
	CMEM/n2392
	n1207
	n2671
	CMEM/n2393
	n1208
	n2679
	CMEM/n2397
	n1209
	n2688
	CMEM/n83
	n1210
	n2706
	CMEM/n2398
	n1211
	n2719
	CMEM/n85
	n1212
	n2721
	CMEM/n86
	n1213
	n2783
	CMEM/n87
	n1214
	n3803
	CMEM/n88
	n1215
	n3819
	CMEM/n3932
	n1216
	n3821
	CMEM/n1814
	n1217
	n3824
	CMEM/n1829
	n1218
	n3827
	CMEM/n3951
	n1219
	n3850
	CMEM/n3952
	n1220
	n3856
	CMEM/n3953
	n1221
	n3863
	CMEM/n3956
	n1222
	n3895
	CMEM/n3968
	n1223
	n3897
	CMEM/n1846
	n1224
	n3937
	CMEM/n3974
	n1225
	n4449
	CMEM/n1851
	n1226
	n4454
	CMEM/n3979
	n1227
	n4455
	CMEM/n3987
	n1228
	n4456
	CMEM/n3989
	n1229
	n4493
	CMEM/n3990
	n1230
	n4507
	CMEM/n3991
	n1231
	n4626
	CMEM/n3992
	n1232
	n4634
	CMEM/n3993
	n1233
	n4637
	CMEM/n3997
	n1234
	n4645
	CMEM/n3998
	n1235
	n4656
	CMEM/n1884
	n1236
	n4661
	CMEM/n1897
	n1237
	n4699
	CMEM/n1347
	n1238
	n4718
	CMEM/n1351
	n1239
	n4844
	CMEM/n1356
	n1240
	n4845
	CMEM/n1358
	n1241
	n4899
	CMEM/n1359
	n1242
	n4903
	CMEM/n1364
	n1243
	n4904
	CMEM/n1366
	n1244
	n5282
	CMEM/n1367
	n1245
	n5290
	CMEM/n2908
	n1246
	cmem_out_Q[14]
	CMEM/n3490
	n1247
	cmem_out_Q[13]
	CMEM/n1376
	n1248
	cmem_out_Q[12]
	CMEM/n1377
	n1249
	cmem_out_Q[11]
	CMEM/n2910
	n1250
	cmem_out_Q[10]
	CMEM/n1381
	n1251
	cmem_out_Q[9]
	CMEM/n1382
	n1252
	cmem_out_Q[8]
	CMEM/n1384
	n1253
	cmem_out_Q[3]
	CMEM/n1385
	n1254
	CMEM/n1386
	n1255
	CMEM/n1388
	n1256
	CMEM/n1389
	n1257
	CMEM/n2920
	n1258
	CMEM/n2923
	n1259
	CMEM/n2955
	n1260
	CMEM/n2958
	n1261
	CMEM/n109
	n1262
	n2072
	CMEM/n2400
	n1263
	n2073
	CMEM/n2413
	n1264
	n2084
	CMEM/n2416
	n1265
	n2136
	CMEM/n2419
	n1266
	n2145
	CMEM/n2422
	n1267
	n2148
	CMEM/n2424
	n1268
	n2149
	CMEM/n2425
	n1269
	n2310
	CMEM/n2427
	n1270
	n2330
	CMEM/n2445
	n1271
	n2338
	CMEM/n2453
	n1272
	n2357
	CMEM/n4002
	n1273
	n2359
	CMEM/n2466
	n1274
	n2362
	CMEM/n2468
	n1275
	n2364
	CMEM/n4012
	n1276
	n2381
	CMEM/n4018
	n1277
	n2382
	CMEM/n4026
	n1278
	n2385
	CMEM/n4027
	n1279
	n2392
	CMEM/n4028
	n1280
	n2393
	CMEM/n2483
	n1281
	n2447
	CMEM/n4034
	n1282
	n2448
	CMEM/n1907
	n1283
	n2661
	CMEM/n2496
	n1284
	n2673
	CMEM/n4040
	n1285
	n2710
	CMEM/n4041
	n1286
	n2711
	CMEM/n4044
	n1287
	n2746
	CMEM/n4046
	n1288
	n2747
	CMEM/n4050
	n1289
	n2782
	CMEM/n4051
	n1290
	n2833
	CMEM/n4052
	n1291
	n2838
	CMEM/n4056
	n1292
	n3825
	CMEM/n1931
	n1293
	n3865
	CMEM/n4064
	n1294
	n3889
	CMEM/n4065
	n1295
	n3944
	CMEM/n4068
	n1296
	n3954
	CMEM/n4070
	n1297
	n3959
	CMEM/n1943
	n1298
	n3960
	CMEM/n4074
	n1299
	n3964
	CMEM/n4076
	n1300
	n4012
	CMEM/n4077
	n1301
	n4026
	CMEM/n4080
	n1302
	n4030
	CMEM/n4086
	n1303
	n4031
	CMEM/n3502
	n1304
	n4457
	CMEM/n3505
	n1305
	n4462
	CMEM/n3506
	n1306
	n4597
	CMEM/n4091
	n1307
	n4603
	CMEM/n4092
	n1308
	n4606
	CMEM/n1967
	n1309
	n4613
	CMEM/n4097
	n1310
	n4622
	CMEM/n3511
	n1311
	n4700
	CMEM/n3514
	n1312
	n4719
	CMEM/n3517
	n1313
	n4724
	CMEM/n1972
	n1314
	n4769
	CMEM/n3525
	n1315
	n4775
	CMEM/n1983
	n1316
	n4846
	CMEM/n1407
	n1317
	n4859
	CMEM/n1408
	n1318
	n4905
	CMEM/n3541
	n1319
	n4912
	CMEM/n1420
	n1320
	n4913
	CMEM/n1433
	n1321
	n2144
	CMEM/n1434
	n1322
	n2169
	CMEM/n1444
	n1323
	n2355
	CMEM/n1449
	n1324
	n2358
	CMEM/n1451
	n1325
	n2371
	CMEM/n1452
	n1326
	n2379
	CMEM/n1454
	n1327
	n2439
	CMEM/n1460
	n1328
	n2532
	CMEM/n1462
	n1329
	n2656
	CMEM/n1467
	n1330
	n2668
	CMEM/n3599
	n1331
	n2678
	CMEM/n1474
	n1332
	n2684
	CMEM/n1476
	n1333
	n2707
	CMEM/n1477
	n1334
	n2734
	CMEM/n1479
	n1335
	n2736
	CMEM/n1483
	n1336
	n2739
	CMEM/n1485
	n1337
	n2748
	CMEM/n1489
	n1338
	n2767
	CMEM/n1498
	n1339
	n2774
	CMEM/n3068
	n1340
	n2775
	CMEM/n3070
	n1341
	n3864
	CMEM/n3073
	n1342
	n3868
	CMEM/n3082
	n1343
	n3869
	CMEM/n3086
	n1344
	n3958
	CMEM/n2520
	n1519
	n3981
	CMEM/n2533
	n1520
	n3992
	CMEM/n2535
	n1521
	n3993
	CMEM/n4100
	n1522
	n4019
	CMEM/n4109
	n1523
	n4032
	CMEM/n2562
	n1524
	n4461
	CMEM/n2564
	n1525
	n4467
	CMEM/n4110
	n1526
	n4468
	CMEM/n4111
	n1527
	n4643
	CMEM/n4112
	n1528
	n4649
	CMEM/n4118
	n1529
	n4655
	CMEM/n4119
	n1530
	n4706
	CMEM/n4122
	n1531
	n4707
	CMEM/n4131
	n1532
	n4720
	CMEM/n4135
	n1533
	n4723
	CMEM/n2012
	n1566
	n4725
	CMEM/n4141
	n1567
	n4743
	CMEM/n4142
	n1568
	n4749
	CMEM/n4146
	n1569
	n4750
	CMEM/n2026
	n1570
	n4763
	CMEM/n4153
	n1571
	n4768
	CMEM/n2031
	n1572
	n4776
	CMEM/n4168
	n1573
	n4803
	CMEM/n4170
	n1574
	n4811
	CMEM/n4176
	n1575
	n4812
	CMEM/n4178
	n1576
	n4817
	CMEM/n4181
	n1577
	n4819
	CMEM/n4182
	n1578
	n4820
	CMEM/n4185
	n1579
	n4827
	CMEM/n3601
	n1580
	n4860
	CMEM/n3603
	n1581
	n4861
	CMEM/n3605
	n1629
	n4873
	CMEM/n4191
	n1630
	n4885
	CMEM/n4193
	n1631
	n4886
	CMEM/n4194
	n1632
	n4906
	CMEM/n2070
	n1633
	n4920
	CMEM/n2084
	n1634
	n4922
	CMEM/n3628
	n1635
	n4924
	CMEM/n1502
	n1636
	n2070
	CMEM/n1503
	n1637
	n2071
	CMEM/n1507
	n1638
	n2266
	CMEM/n2091
	n1639
	n2386
	CMEM/n1512
	n1640
	n2444
	CMEM/n1513
	n1641
	n2449
	CMEM/n1524
	n1642
	n2534
	CMEM/n1525
	n1643
	n2663
	CMEM/n1529
	n1644
	n2720
	CMEM/n3653
	n1645
	n2729
	CMEM/n1530
	n1646
	n2735
	CMEM/n1534
	n1647
	n2768
	CMEM/n3664
	n1648
	n2769
	CMEM/n3665
	n1649
	n2773
	CMEM/n3666
	n1650
	n2777
	CMEM/n1545
	n1651
	n2779
	CMEM/n3671
	n1652
	n3867
	CMEM/n1555
	n1653
	n3955
	CMEM/n3682
	n1654
	n3961
	CMEM/n3683
	n1655
	n3989
	CMEM/n3687
	n1656
	n4018
	CMEM/n3689
	n1657
	n4020
	CMEM/n3693
	n1658
	n4027
	CMEM/n3694
	n1659
	n4034
	CMEM/n1595
	n1660
	n4469
	CMEM/n3153
	n1661
	n4476
	CMEM/n3167
	n1662
	n4488
	CMEM/n3174
	n1663
	n4632
	CMEM/n2610
	n1664
	n4636
	CMEM/n2616
	n1665
	n4642
	CMEM/n2619
	n1666
	n4650
	CMEM/n2633
	n1667
	n4662
	CMEM/n2658
	n1668
	n4679
	CMEM/n4206
	n1669
	n4685
	CMEM/n2661
	n1670
	n4686
	CMEM/n2672
	n1671
	n4690
	CMEM/n4224
	n1672
	n4708
	CMEM/n4226
	n1673
	n4730
	CMEM/n2105
	n1674
	n4731
	CMEM/n4232
	n1675
	n4744
	CMEM/n4233
	n1676
	n4751
	CMEM/n4234
	n1677
	n4759
	CMEM/n4237
	n1678
	n4760
	CMEM/n2690
	n1679
	n4764
	CMEM/n2692
	n1680
	n4770
	CMEM/n2693
	n1681
	n4784
	CMEM/n2695
	n1682
	n4790
	CMEM/n4241
	n1683
	n4791
	CMEM/n4244
	n1684
	n4799
	CMEM/n4245
	n1685
	n4802
	CMEM/n4246
	n1686
	n4810
	CMEM/n2122
	n1687
	n4813
	CMEM/n4250
	n1688
	n4818
	CMEM/n4251
	n1689
	n4821
	CMEM/n4252
	n1690
	n4828
	CMEM/n4257
	n1691
	n4834
	CMEM/n4258
	n1692
	n4850
	CMEM/n4262
	n1693
	n4854
	CMEM/n4263
	n1694
	n4866
	CMEM/n4264
	n1695
	n4874
	CMEM/n4268
	n1696
	n4877
	CMEM/n4269
	n1697
	n4878
	CMEM/n4279
	n1698
	n4883
	CMEM/n4282
	n1699
	n4887
	CMEM/n4286
	n1700
	n4892
	CMEM/n4288
	n1701
	n4910
	CMEM/n4289
	n1702
	n4914
	CMEM/n2166
	n1703
	n4921
	CMEM/n3702
	n1704
	n4925
	CMEM/n3705
	n1705
	n2085
	CMEM/n3706
	n1706
	n2264
	CMEM/n4294
	n1707
	n2320
	CMEM/n2170
	n1708
	n2321
	CMEM/n4298
	n1709
	n2352
	CMEM/n4299
	n1710
	n2389
	CMEM/n2172
	n1711
	n2390
	CMEM/n2177
	n1712
	n2446
	CMEM/n2179
	n1713
	n2450
	CMEM/n3711
	n1714
	n2624
	CMEM/n3714
	n1715
	n2625
	CMEM/n3724
	n1716
	n2626
	CMEM/n3727
	n1717
	n2723
	CMEM/n3728
	n1718
	n2757
	CMEM/n3729
	n1719
	n2763
	CMEM/n2192
	n1720
	n2766
	CMEM/n2195
	n1721
	n2778
	CMEM/n2197
	n1722
	n3866
	CMEM/n2198
	n1723
	n3870
	CMEM/n3736
	n1724
	n3956
	CMEM/n1615
	n1725
	n3957
	CMEM/n3753
	n1726
	n3994
	CMEM/n3754
	n1727
	n4021
	CMEM/n3755
	n1728
	n4025
	CMEM/n3760
	n1729
	n4033
	CMEM/n3762
	n1730
	n4475
	CMEM/n3772
	n1731
	n4481
	CMEM/n3779
	n1732
	n4482
	CMEM/n1653
	n1733
	n4494
	ALU_U_mult_Pint[30]
	CMEM/n3785
	n1734
	n4495
	CMEM/n3787
	clk1
	n1735
	n4625
	CMEM/n3793
	clk2
	n1736
	n4638
	CMEM/n3217
	rstn
	n1737
	n4646
	valid_in
	CMEM/n3797
	n1738
	n4654
	CMEM/n1671
	din[15]
	n1739
	n4671
	CMEM/n3798
	din[14]
	n1740
	n4672
	CMEM/n1674
	din[13]
	n1741
	n4681
	din[12]
	CMEM/n1676
	n1742
	n4691
	CMEM/n3224
	din[11]
	n1743
	n4692
	CMEM/n3227
	din[10]
	n1744
	n4697
	CMEM/n3256
	din[9]
	n1745
	n4698
	din[8]
	CMEM/n3259
	n1746
	n4709
	CMEM/n3289
	din[7]
	n1747
	n4732
	CMEM/n2702
	din[6]
	n1748
	n4737
	CMEM/n2704
	din[5]
	n1749
	n4739
	din[4]
	CMEM/n2706
	n1750
	n4745
	CMEM/n2707
	din[3]
	n1751
	n4752
	CMEM/n2709
	din[2]
	n1752
	n4777
	CMEM/n3295
	din[1]
	n1753
	n4785
	din[0]
	CMEM/n2711
	n1754
	n4792
	CMEM/n2716
	cin[15]
	n1755
	n4798
	CMEM/n2719
	cin[14]
	n1756
	n4804
	CMEM/n2722
	cin[13]
	n1757
	n4814
	cin[12]
	CMEM/n2724
	n1758
	n4822
	cin[11]
	n2373
	n1759
	n4830
	cin[10]
	n2395
	n1760
	n4837
	cin[9]
	n2846
	n1761
	n4851
	cin[8]
	n2853
	n1762
	n4856
	cin[7]
	n2862
	n1763
	n4867
	cin[6]
	n2867
	n1764
	n4872
	cin[5]
	n2876
	n1765
	n4879
	cin[4]
	n2881
	n1766
	n4881
	cin[3]
	n2885
	n1767
	n4884
	cin[2]
	n2893
	n1768
	n4888
	cin[1]
	n2906
	n1769
	n4893
	cin[0]
	n2911
	n1770
	n4902
	caddr[5]
	n2919
	n1771
	n4911
	caddr[4]
	n2923
	n1772
	n4915
	caddr[3]
	n2924
	n1773
	n2066
	caddr[2]
	n2931
	n1774
	n2068
	caddr[1]
	n2934
	n1775
	n2069
	caddr[0]
	n2935
	n1776
	n2086
	cload
	n2941
	n1777
	n2087
	dout[15]
	n2942
	n1778
	n2135
	dout[14]
	n2946
	n1779
	n2168
	dout[13]
	n2947
	n1780
	n2265
	dout[12]
	n2963
	n1781
	n2365
	dout[11]
	n2969
	n1782
	n2602
	dout[10]
	n2974
	n1783
	n2676
	dout[9]
	n2980
	n1784
	n2686
	dout[8]
	n2990
	n1785
	n2692
	dout[7]
	n2995
	n1786
	n2776
	dout[6]
	n3000
	n1787
	n2786
	dout[5]
	n3006
	n1788
	n3871
	dout[4]
	n3016
	n1789
	n3963
	dout[3]
	n3021
	n1790
	n3965
	dout[2]
	n3026
	n1791
	n3972
	dout[1]
	n3033
	n1792
	n3973
	dout[0]
	n3043
	n1793
	n3975
	valid_out
	n3049
	n1794
	n3982
	alu_done_sig
	n3055
	n1795
	n3983
	u_fifo_input_toggle
	n3065
	n1796
	n3990
	ALU_Done_prev
	n3075
	n1797
	n3996
	n2226
	n3080
	n1798
	n4022
	n2253
	n3092
	n1799
	n4036
	n2259
	n3093
	n1800
	n4483
	n2262
	n3104
	n1801
	n4497
	n2267
	n3105
	n1818
	n4503
	n2313
	n3116
	n1819
	n4579
	n2314
	n3125
	n1820
	n4580
	n2396
	n3128
	n1821
	n4618
	n2437
	n3133
	n1822
	n4624
	n2787
	n3138
	n1823
	n4631
	n2788
	n3149
	n1824
	n4641
	n5338
	n3154
	n1825
	n4673
	n5339
	n3158
	n1826
	n4680
	n5340
	n3170
	n1827
	n4693
	n5341
	n3183
	n1828
	n4714
	n5342
	n3187
	n1829
	n4715
	n5343
	n3199
	n1830
	n4726
	n5344
	n3203
	n1831
	n4727
	n5345
	n3210
	n1832
	n4733
	n5346
	n3214
	n1833
	n4738
	n5347
	n3216
	n1834
	n4740
	n5348
	n3225
	n1835
	n4761
	n5349
	n3237
	n1836
	n4765
	n5350
	n3243
	n1837
	n4780
	n5351
	n3255
	n1838
	n4781
	n5352
	n3256
	n1839
	n4793
	n5353
	n3266
	n1840
	n4801
	n5354
	n3267
	n1841
	n4809
	n5355
	n3280
	n1842
	n4833
	n5356
	n3288
	n1843
	n4835
	n5357
	n3293
	n1844
	n4836
	n5358
	n3306
	n1845
	n4838
	n5359
	n3307
	n1846
	n4839
	n5360
	n3319
	n1847
	n4852
	n5361
	n3320
	n1848
	n4864
	n5362
	n3331
	n1849
	n4868
	n5363
	n3332
	n1850
	n4876
	n5364
	n3343
	n1851
	n4882
	n5365
	n3349
	n1852
	n4900
	n5366
	n3355
	n1853
	n4923
	n5367
	n3363
	n1854
	n5331
	n5368
	n3372
	n1855
	n5332
	n5369
	n3379
	n1856
	n1994
	n5370
	n3382
	n1857
	n1995
	n5371
	n3394
	n1858
	n2088
	n5372
	n3406
	n1859
	n2174
	n5373
	n3412
	n1860
	n2363
	n5374
	n3427
	n1861
	n2440
	n5375
	n3428
	n1862
	n2441
	n5376
	n3443
	n1863
	n2442
	n5377
	n3444
	n1864
	n2662
	n5378
	n3458
	n1865
	n2666
	n5379
	n3459
	n1866
	n2744
	n5380
	n3465
	n1867
	n2745
	n5381
	n3473
	n1868
	n3962
	n5382
	n3475
	n1869
	n3966
	n5383
	n3486
	n1870
	n3967
	n5384
	n3494
	n1871
	n3968
	n5389
	n3495
	n1872
	n3978
	n5681
	n3504
	n1873
	n3984
	fifo_data_out[15]
	n3509
	n1874
	n3986
	fifo_data_out[14]
	n3518
	n1875
	n3987
	fifo_data_out[13]
	n3526
	n1876
	n3997
	fifo_data_out[12]
	n3532
	n1877
	n4008
	fifo_data_out[11]
	n3540
	n1878
	n4023
	fifo_data_out[10]
	n3547
	n1879
	n4028
	fifo_data_out[9]
	n3555
	n1880
	n4487
	fifo_data_out[8]
	n3564
	n1881
	n4502
	fifo_data_out[7]
	n3569
	n1882
	n4508
	fifo_data_out[6]
	n3580
	n1883
	n4574
	fifo_data_out[5]
	n3588
	n1884
	n4577
	fifo_data_out[4]
	n3589
	n1885
	n4578
	fifo_data_out[3]
	n3595
	n1886
	n4581
	fifo_data_out[2]
	n3596
	n1887
	n4612
	fifo_data_out[1]
	n3602
	n1888
	n4627
	fifo_data_out[0]
	n3614
	n1889
	n4635
	u_fifo_sync_chain[2]
	n3622
	n1890
	n4674
	u_fifo_sync_chain[1]
	n3623
	n1891
	n4682
	u_fifo_sync_chain[0]
	n3629
	n1892
	n4696
	u_fifo_queue[15]
	n3639
	n1893
	n4701
	u_fifo_queue[14]
	n3648
	n1894
	n4755
	u_fifo_queue[13]
	n3728
	n1895
	n4766
	u_fifo_queue[12]
	n3741
	n1896
	n4782
	u_fifo_queue[11]
	n3746
	n1897
	n4783
	u_fifo_queue[10]
	n3762
	n1898
	n4788
	u_fifo_queue[9]
	n3766
	n1899
	n4789
	u_fifo_queue[8]
	n3773
	n1900
	n4800
	u_fifo_queue[7]
	n3784
	n1901
	n4840
	u_fifo_queue[6]
	CMEM/n2726
	n1902
	n4841
	u_fifo_queue[5]
	CMEM/n2728
	n1903
	n4855
	u_fifo_queue[4]
	CMEM/n2730
	n1904
	n4865
	u_fifo_queue[3]
	CMEM/n2735
	n1905
	n4901
	u_fifo_queue[2]
	CMEM/n2738
	n1906
	n4916
	u_fifo_queue[1]
	CMEM/n2740
	n1907
	n4926
	u_fifo_queue[0]
	CMEM/n2747
	n1908
	n5283
	REG_Q_wires[1023]
	CMEM/n2749
	n1910
	n2060
	REG_Q_wires[1022]
	CMEM/n2751
	n1911
	n2064
	REG_Q_wires[1021]
	CMEM/n4301
	n1912
	n2065
	REG_Q_wires[1020]
	CMEM/n4309
	n1913
	n2067
	REG_Q_wires[1019]
	CMEM/n4328
	n1914
	n2089
	REG_Q_wires[1018]
	CMEM/n2201
	n1917
	n2167
	REG_Q_wires[1017]
	CMEM/n2203
	n1919
	n2170
	REG_Q_wires[1016]
	CMEM/n2205
	n1920
	n2319
	REG_Q_wires[1015]
	CMEM/n2206
	n1921
	n2387
	REG_Q_wires[1014]
	CMEM/n2209
	n1922
	n2391
	REG_Q_wires[1013]
	CMEM/n2797
	n1923
	n2445
	REG_Q_wires[1012]
	CMEM/n4341
	n1924
	n2665
	REG_Q_wires[1011]
	CMEM/n4342
	n1925
	n2694
	REG_Q_wires[1010]
	CMEM/n2225
	n1926
	n2695
	REG_Q_wires[1009]
	CMEM/n2230
	n1927
	n2743
	REG_Q_wires[1008]
	CMEM/n2236
	n1928
	n2791
	REG_Q_wires[1007]
	CMEM/n2238
	n1933
	n3714
	REG_Q_wires[1006]
	CMEM/n4362
	n1937
	n3794
	REG_Q_wires[1005]
	CMEM/n4363
	n1939
	n3974
	REG_Q_wires[1004]
	CMEM/n2240
	n1940
	n3976
	REG_Q_wires[1003]
	CMEM/n2241
	n1942
	n3988
	REG_Q_wires[1002]
	CMEM/n2243
	n1943
	n3998
	REG_Q_wires[1001]
	CMEM/n2254
	n1948
	n4010
	REG_Q_wires[1000]
	CMEM/n2257
	n1951
	n4024
	REG_Q_wires[999]
	CMEM/n2259
	n2081
	n4029
	REG_Q_wires[998]
	CMEM/n4384
	n2082
	n4582
	REG_Q_wires[997]
	CMEM/n4385
	n2099
	n4611
	REG_Q_wires[996]
	CMEM/n2262
	n2102
	n4617
	REG_Q_wires[995]
	CMEM/n2265
	n2153
	n4630
	REG_Q_wires[994]
	CMEM/n2267
	n2154
	n4675
	REG_Q_wires[993]
	CMEM/n3808
	n2162
	n4676
	REG_Q_wires[992]
	CMEM/n3809
	n2212
	n4687
	REG_Q_wires[991]
	CMEM/n2270
	n2290
	n4702
	REG_Q_wires[990]
	CMEM/n2275
	n2297
	n4703
	REG_Q_wires[989]
	CMEM/n3810
	n2303
	n4729
	REG_Q_wires[988]
	CMEM/n3817
	n2318
	n4756
	REG_Q_wires[987]
	CMEM/n2280
	n2401
	n4758
	REG_Q_wires[986]
	CMEM/n2282
	n2403
	n4772
	REG_Q_wires[985]
	CMEM/n3822
	n2404
	n4843
	REG_Q_wires[984]
	CMEM/n2290
	n2427
	n4849
	REG_Q_wires[983]
	CMEM/n2293
	n2428
	n4858
	REG_Q_wires[982]
	CMEM/n2295
	n2456
	n4863
	REG_Q_wires[981]
	CMEM/n2297
	n2457
	n4894
	REG_Q_wires[980]
	CMEM/n2299
	n2464
	n4895
	REG_Q_wires[979]
	CMEM/n3830
	n2465
	n4907
	REG_Q_wires[978]
	CMEM/n3832
	n2489
	n4919
	REG_Q_wires[977]
	CMEM/n3834
	n2503
	n4928
	REG_Q_wires[976]
	CMEM/n3846
	n2504
	n5292
	REG_Q_wires[975]
	CMEM/n3850
	n2505
	n5326
	REG_Q_wires[974]
	CMEM/n3856
	n2506
	n5333
	REG_Q_wires[973]
	CMEM/n3857
	n2507
	n1990
	REG_Q_wires[972]
	CMEM/n3877
	n2508
	n1991
	REG_Q_wires[971]
	CMEM/n3879
	n2509
	n1992
	REG_Q_wires[970]
	CMEM/n3300
	n2510
	n1993
	REG_Q_wires[969]
	CMEM/n3881
	n2511
	n2062
	REG_Q_wires[968]
	CMEM/n3887
	n2512
	n2090
	REG_Q_wires[967]
	CMEM/n1763
	n2513
	n2195
	REG_Q_wires[966]
	CMEM/n1765
	n2514
	n2316
	REG_Q_wires[965]
	CMEM/n1767
	n2515
	n2341
	REG_Q_wires[964]
	CMEM/n1769
	n2516
	n2384
	REG_Q_wires[963]
	CMEM/n3893
	n2517
	n2477
	REG_Q_wires[962]
	CMEM/n1772
	n2518
	n2606
	REG_Q_wires[961]
	CMEM/n1774
	n2519
	n2607
	REG_Q_wires[960]
	CMEM/n1776
	n2520
	n2631
	REG_Q_wires[959]
	CMEM/n3323
	n2521
	n2728
	REG_Q_wires[958]
	CMEM/n1202
	n2522
	n2733
	REG_Q_wires[957]
	CMEM/n1780
	n2524
	n2742
	REG_Q_wires[956]
	CMEM/n1204
	n2525
	n3795
	REG_Q_wires[955]
	CMEM/n1206
	n2526
	n3977
	REG_Q_wires[954]
	CMEM/n1207
	n2527
	n4002
	REG_Q_wires[953]
	CMEM/n3336
	n2535
	n4009
	REG_Q_wires[952]
	CMEM/n1215
	n2540
	n4614
	REG_Q_wires[951]
	CMEM/n1793
	n2549
	n4623
	REG_Q_wires[950]
	CMEM/n1795
	n2562
	n4705
	REG_Q_wires[949]
	CMEM/n1797
	n2563
	n4757
	REG_Q_wires[948]
	CMEM/n3349
	n2564
	n4767
	REG_Q_wires[947]
	CMEM/n3373
	n2574
	n4773
	REG_Q_wires[946]
	CMEM/n3376
	n2575
	n4774
	REG_Q_wires[945]
	CMEM/n3380
	n2576
	n4829
	REG_Q_wires[944]
	CMEM/n3383
	n2609
	n4842
	REG_Q_wires[943]
	CMEM/n3385
	n2632
	n4848
	REG_Q_wires[942]
	CMEM/n2802
	n2633
	n4857
	REG_Q_wires[941]
	CMEM/n2806
	n2634
	n4869
	REG_Q_wires[940]
	CMEM/n3391
	n2635
	n4875
	REG_Q_wires[939]
	CMEM/n3394
	n2697
	n4898
	REG_Q_wires[938]
	CMEM/n3397
	n2702
	n4909
	REG_Q_wires[937]
	CMEM/n2811
	n2705
	n1988
	REG_Q_wires[936]
	CMEM/n2813
	n2725
	n1989
	REG_Q_wires[935]
	CMEM/n2814
	n2749
	n2063
	REG_Q_wires[934]
	CMEM/n2816
	n2794
	n2091
	REG_Q_wires[933]
	CMEM/n2818
	n2812
	n2334
	REG_Q_wires[932]
	CMEM/n2824
	n2825
	n2337
	REG_Q_wires[931]
	CMEM/n2830
	n2870
	n2340
	REG_Q_wires[930]
	CMEM/n2839
	n2957
	n2344
	REG_Q_wires[929]
	CMEM/n2841
	n2958
	n2348
	REG_Q_wires[928]
	CMEM/n2847
	n3094
	n2351
	REG_Q_wires[927]
	CMEM/n2851
	n3197
	n2672
	REG_Q_wires[926]
	CMEM/n2872
	n3308
	n2693
	REG_Q_wires[925]
	CMEM/n2874
	n3572
	n2701
	REG_Q_wires[924]
	CMEM/n2301
	n3586
	n2732
	REG_Q_wires[923]
	CMEM/n2302
	n3640
	n2741
	REG_Q_wires[922]
	CMEM/n2881
	n3655
	n2759
	REG_Q_wires[921]
	CMEM/n2304
	n3657
	n3797
	REG_Q_wires[920]
	CMEM/n2883
	n3658
	n4600
	REG_Q_wires[919]
	CMEM/n2885
	n3673
	n4605
	REG_Q_wires[918]
	CMEM/n2887
	n3676
	n4607
	REG_Q_wires[917]
	CMEM/n2888
	n3679
	n4616
	REG_Q_wires[916]
	CMEM/n2310
	n3683
	n4677
	REG_Q_wires[915]
	CMEM/n2890
	n3689
	n4678
	REG_Q_wires[914]
	CMEM/n2313
	n3698
	n4688
	REG_Q_wires[913]
	CMEM/n2891
	n3699
	n4689
	REG_Q_wires[912]
	CMEM/n2315
	n3701
	n4704
	REG_Q_wires[911]
	CMEM/n2893
	n3702
	n4716
	REG_Q_wires[910]
	CMEM/n2318
	n3706
	n4717
	REG_Q_wires[909]
	CMEM/n2320
	n3729
	n4728
	REG_Q_wires[908]
	CMEM/n2323
	n3744
	n4741
	REG_Q_wires[907]
	CMEM/n2324
	n3747
	n4742
	REG_Q_wires[906]
	CMEM/n2325
	n3756
	n4778
	REG_Q_wires[905]
	CMEM/n2326
	n3767
	n4786
	REG_Q_wires[904]
	CMEM/n2327
	n3769
	n4794
	REG_Q_wires[903]
	CMEM/n2328
	n3778
	n4805
	REG_Q_wires[902]
	CMEM/n2329
	n3801
	n4815
	REG_Q_wires[901]
	CMEM/n2330
	n3806
	n4823
	REG_Q_wires[900]
	CMEM/n2332
	n3812
	n4831
	REG_Q_wires[899]
	CMEM/n2333
	n3837
	n4870
	REG_Q_wires[898]
	CMEM/n2334
	n3839
	n1987
	REG_Q_wires[897]
	CMEM/n2335
	n3841
	n2061
	REG_Q_wires[896]
	CMEM/n2337
	n3846
	n2092
	REG_Q_wires[895]
	CMEM/n2338
	n3848
	n2164
	REG_Q_wires[894]
	CMEM/n2340
	n3851
	n2333
	REG_Q_wires[893]
	CMEM/n2347
	n3854
	n2336
	REG_Q_wires[892]
	CMEM/n2349
	n3861
	n2343
	REG_Q_wires[891]
	CMEM/n2350
	n3879
	n2347
	REG_Q_wires[890]
	CMEM/n2352
	n3884
	n2350
	REG_Q_wires[889]
	CMEM/n2353
	n3891
	n2533
	REG_Q_wires[888]
	CMEM/n2355
	n3915
	n2670
	REG_Q_wires[887]
	CMEM/n2357
	n3921
	n2696
	REG_Q_wires[886]
	CMEM/n2359
	n3926
	n2700
	REG_Q_wires[885]
	CMEM/n2360
	n3930
	n2730
	REG_Q_wires[884]
	CMEM/n2362
	n3933
	n2731
	REG_Q_wires[883]
	CMEM/n2363
	n3941
	n2738
	REG_Q_wires[882]
	CMEM/n2365
	n3945
	n2758
	REG_Q_wires[881]
	CMEM/n2367
	n3951
	n4013
	REG_Q_wires[880]
	CMEM/n2369
	n4038
	n4586
	REG_Q_wires[879]
	CMEM/n3901
	n4039
	n4608
	REG_Q_wires[878]
	CMEM/n3908
	n4041
	n4683
	REG_Q_wires[877]
	CMEM/n2378
	n4044
	n4694
	REG_Q_wires[876]
	CMEM/n2379
	n4046
	n4710
	REG_Q_wires[875]
	CMEM/n3910
	n4052
	n4721
	REG_Q_wires[874]
	CMEM/n3915
	n4056
	n4734
	REG_Q_wires[873]
	CMEM/n2380
	n4057
	n4746
	REG_Q_wires[872]
	CMEM/n2381
	n4064
	n4797
	REG_Q_wires[871]
	CMEM/n2382
	n4066
	n4808
	REG_Q_wires[870]
	CMEM/n2384
	n4069
	n4826
	REG_Q_wires[869]
	CMEM/n2385
	n4073
	n4832
	REG_Q_wires[868]
	CMEM/n2387
	n4079
	n4871
	REG_Q_wires[867]
	CMEM/n2388
	n4080
	n1974
	REG_Q_wires[866]
	CMEM/n2389
	n4081
	n1975
	REG_Q_wires[865]
	CMEM/n3920
	n4083
	n1976
	REG_Q_wires[864]
	CMEM/n3921
	n4085
	n1977
	REG_Q_wires[863]
	CMEM/n3926
	n4086
	n1978
	REG_Q_wires[862]
	CMEM/n3929
	n4087
	n1979
	REG_Q_wires[861]
	CMEM/n1803
	n4089
	n1980
	REG_Q_wires[860]
	CMEM/n2390
	n4091
	n1981
	REG_Q_wires[859]
	CMEM/n2391
	n4092
	n1982
	REG_Q_wires[858]
	CMEM/n2394
	n4097
	n1983
	REG_Q_wires[857]
	CMEM/n2396
	n4108
	n1984
	REG_Q_wires[856]
	CMEM/n2399
	n4109
	n1985
	REG_Q_wires[855]
	CMEM/n3931
	n4110
	n1986
	REG_Q_wires[854]
	CMEM/n3933
	n4112
	n2011
	REG_Q_wires[853]
	CMEM/n1817
	n4113
	n2012
	REG_Q_wires[852]
	CMEM/n3940
	n4115
	n2093
	REG_Q_wires[851]
	CMEM/n3945
	n4116
	n2657
	REG_Q_wires[850]
	CMEM/n3946
	n4117
	n2658
	REG_Q_wires[849]
	CMEM/n1820
	n4118
	n2659
	REG_Q_wires[848]
	CMEM/n1821
	n4120
	n2675
	REG_Q_wires[847]
	CMEM/n3950
	n4122
	n2716
	REG_Q_wires[846]
	CMEM/n3955
	n4124
	n2717
	REG_Q_wires[845]
	CMEM/n3957
	n4125
	n2718
	REG_Q_wires[844]
	CMEM/n1834
	n4126
	n2726
	REG_Q_wires[843]
	CMEM/n1838
	n4130
	n2727
	REG_Q_wires[842]
	CMEM/n3966
	n4132
	n2753
	REG_Q_wires[841]
	CMEM/n3969
	n4181
	n2765
	REG_Q_wires[840]
	CMEM/n1848
	n4195
	n2770
	REG_Q_wires[839]
	CMEM/n3978
	n4200
	n4575
	REG_Q_wires[838]
	CMEM/n1854
	n4234
	n4583
	REG_Q_wires[837]
	CMEM/n3400
	n4246
	n4598
	REG_Q_wires[836]
	CMEM/n3403
	n4247
	n4599
	REG_Q_wires[835]
	CMEM/n3406
	n4257
	n4610
	REG_Q_wires[834]
	CMEM/n1860
	n4258
	n5327
	REG_Q_wires[833]
	CMEM/n3988
	n4271
	n1965
	REG_Q_wires[832]
	CMEM/n1866
	n4272
	n1966
	REG_Q_wires[831]
	CMEM/n1869
	n4280
	n1967
	REG_Q_wires[830]
	CMEM/n3412
	n4281
	n1968
	REG_Q_wires[829]
	CMEM/n3415
	n4298
	n1969
	REG_Q_wires[828]
	CMEM/n1875
	n4306
	n1970
	REG_Q_wires[827]
	CMEM/n1890
	n4307
	n1971
	REG_Q_wires[826]
	CMEM/n1892
	n4315
	n1972
	REG_Q_wires[825]
	CMEM/n1894
	n4316
	n1973
	REG_Q_wires[824]
	CMEM/n1322
	n4328
	n2002
	REG_Q_wires[823]
	CMEM/n1329
	n4344
	n2003
	REG_Q_wires[822]
	CMEM/n1332
	n4370
	n2004
	REG_Q_wires[821]
	CMEM/n1333
	n4385
	n2005
	REG_Q_wires[820]
	CMEM/n1348
	n4405
	n2006
	REG_Q_wires[819]
	CMEM/n1349
	n4406
	n2007
	REG_Q_wires[818]
	CMEM/n3483
	n4422
	n2008
	REG_Q_wires[817]
	CMEM/n1368
	n4427
	n2009
	REG_Q_wires[816]
	CMEM/n1369
	n4446
	n2010
	REG_Q_wires[815]
	CMEM/n2900
	n4447
	n2094
	REG_Q_wires[814]
	CMEM/n2902
	n4526
	n2098
	REG_Q_wires[813]
	CMEM/n2903
	n4527
	n2664
	REG_Q_wires[812]
	CMEM/n3491
	n4531
	n2674
	REG_Q_wires[811]
	CMEM/n3494
	n4547
	n2709
	REG_Q_wires[810]
	CMEM/n3498
	n4548
	n2712
	REG_Q_wires[809]
	CMEM/n1378
	n4554
	n2750
	REG_Q_wires[808]
	CMEM/n1379
	n4561
	n2839
	REG_Q_wires[807]
	CMEM/n2913
	n4572
	n4604
	REG_Q_wires[806]
	CMEM/n2915
	n4589
	n4670
	REG_Q_wires[805]
	CMEM/n2925
	n4596
	n1960
	REG_Q_wires[804]
	CMEM/n2928
	n4628
	n1961
	REG_Q_wires[803]
	CMEM/n1390
	n4669
	n1962
	REG_Q_wires[802]
	CMEM/n1391
	n4754
	n1963
	REG_Q_wires[801]
	CMEM/n2930
	n4937
	n1964
	REG_Q_wires[800]
	CMEM/n2933
	n4938
	n1997
	REG_Q_wires[799]
	CMEM/n2935
	n4939
	n1998
	REG_Q_wires[798]
	CMEM/n2936
	n4941
	n1999
	REG_Q_wires[797]
	CMEM/n2938
	n4942
	n2000
	REG_Q_wires[796]
	CMEM/n2945
	n4943
	n2001
	REG_Q_wires[795]
	CMEM/n2947
	n4944
	n2095
	REG_Q_wires[794]
	CMEM/n2948
	n4946
	n2097
	REG_Q_wires[793]
	CMEM/n2950
	n4948
	n4588
	REG_Q_wires[792]
	CMEM/n2951
	n4949
	n2096
	REG_Q_wires[791]
	CMEM/n2953
	n4950
	REG_Q_wires[790]
	CMEM/n2956
	n4952
	REG_Q_wires[789]
	CMEM/n2962
	n4954
	REG_Q_wires[788]
	CMEM/n2965
	n4955
	REG_Q_wires[787]
	CMEM/n2967
	n4956
	REG_Q_wires[786]
	CMEM/n2968
	n4958
	REG_Q_wires[785]
	CMEM/n2970
	n4959
	REG_Q_wires[784]
	CMEM/n2971
	n4960
	REG_Q_wires[783]
	CMEM/n2973
	n4961
	REG_Q_wires[782]
	CMEM/n2974
	n4963
	REG_Q_wires[781]
	CMEM/n2976
	n4965
	REG_Q_wires[780]
	CMEM/n2401
	n4966
	REG_Q_wires[779]
	CMEM/n2403
	n4967
	REG_Q_wires[778]
	CMEM/n2404
	n4969
	REG_Q_wires[777]
	CMEM/n2405
	n5064
	REG_Q_wires[776]
	CMEM/n2406
	n5065
	REG_Q_wires[775]
	CMEM/n2407
	n5066
	REG_Q_wires[774]
	CMEM/n2408
	n5068
	REG_Q_wires[773]
	CMEM/n2409
	n5069
	REG_Q_wires[772]
	CMEM/n2410
	n5070
	REG_Q_wires[771]
	CMEM/n2411
	n5071
	REG_Q_wires[770]
	CMEM/n2412
	n5073
	REG_Q_wires[769]
	CMEM/n2414
	n5074
	REG_Q_wires[768]
	CMEM/n2415
	n5075
	REG_Q_wires[767]
	CMEM/n2418
	n5076
	REG_Q_wires[766]
	CMEM/n2421
	n5078
	REG_Q_wires[765]
	CMEM/n2423
	n5085
	REG_Q_wires[764]
	CMEM/n2426
	n5086
	REG_Q_wires[763]
	CMEM/n2432
	n5087
	REG_Q_wires[762]
	CMEM/n2442
	n5089
	CMEM/n2447
	REG_Q_wires[761]
	n5090
	CMEM/n2449
	REG_Q_wires[760]
	n5091
	CMEM/n4001
	REG_Q_wires[759]
	n5092
	REG_Q_wires[758]
	CMEM/n4003
	n5094
	CMEM/n4013
	REG_Q_wires[757]
	n5102
	CMEM/n4015
	REG_Q_wires[756]
	n5103
	CMEM/n4019
	REG_Q_wires[755]
	n5104
	REG_Q_wires[754]
	CMEM/n2475
	n5106
	CMEM/n4020
	REG_Q_wires[753]
	n5108
	CMEM/n2481
	REG_Q_wires[752]
	n5109
	CMEM/n2486
	REG_Q_wires[751]
	n5110
	REG_Q_wires[750]
	CMEM/n2488
	n5112
	CMEM/n1901
	REG_Q_wires[749]
	n5113
	CMEM/n4032
	REG_Q_wires[748]
	n5114
	CMEM/n4033
	REG_Q_wires[747]
	n5115
	REG_Q_wires[746]
	CMEM/n4035
	n5117
	CMEM/n4037
	REG_Q_wires[745]
	n5118
	CMEM/n2493
	REG_Q_wires[744]
	n5119
	CMEM/n2495
	REG_Q_wires[743]
	n5120
	REG_Q_wires[742]
	CMEM/n2499
	n5122
	CMEM/n1911
	REG_Q_wires[741]
	n5124
	CMEM/n1912
	REG_Q_wires[740]
	n5125
	CMEM/n1914
	REG_Q_wires[739]
	n5126
	REG_Q_wires[738]
	CMEM/n4043
	n5128
	CMEM/n1916
	REG_Q_wires[737]
	n5129
	CMEM/n4045
	REG_Q_wires[736]
	n5130
	CMEM/n1918
	REG_Q_wires[735]
	n5131
	REG_Q_wires[734]
	CMEM/n4054
	n5133
	CMEM/n4055
	REG_Q_wires[733]
	n5134
	CMEM/n1928
	REG_Q_wires[732]
	n5135
	CMEM/n4057
	REG_Q_wires[731]
	n5136
	REG_Q_wires[730]
	CMEM/n4059
	n5138
	CMEM/n1934
	REG_Q_wires[729]
	n5140
	CMEM/n4067
	REG_Q_wires[728]
	n5141
	CMEM/n4069
	REG_Q_wires[727]
	n5142
	REG_Q_wires[726]
	CMEM/n1941
	n5144
	CMEM/n1945
	REG_Q_wires[725]
	n5145
	CMEM/n1946
	REG_Q_wires[724]
	n5146
	CMEM/n4078
	REG_Q_wires[723]
	n5147
	REG_Q_wires[722]
	CMEM/n1949
	n5149
	CMEM/n4079
	REG_Q_wires[721]
	n5150
	CMEM/n4081
	REG_Q_wires[720]
	n5151
	CMEM/n4083
	REG_Q_wires[719]
	n5152
	REG_Q_wires[718]
	CMEM/n1958
	n5154
	CMEM/n3500
	REG_Q_wires[717]
	n5156
	CMEM/n3503
	REG_Q_wires[716]
	n5157
	CMEM/n3509
	REG_Q_wires[715]
	n5158
	REG_Q_wires[714]
	CMEM/n1964
	n5160
	CMEM/n4094
	REG_Q_wires[713]
	n5207
	CMEM/n4095
	REG_Q_wires[712]
	n5208
	CMEM/n1969
	REG_Q_wires[711]
	n5209
	REG_Q_wires[710]
	CMEM/n3512
	n5211
	CMEM/n3515
	REG_Q_wires[709]
	n5212
	CMEM/n3518
	REG_Q_wires[708]
	n5213
	CMEM/n1970
	REG_Q_wires[707]
	n5214
	REG_Q_wires[706]
	CMEM/n1975
	n5216
	CMEM/n3528
	REG_Q_wires[705]
	n5217
	CMEM/n1985
	REG_Q_wires[704]
	n5218
	CMEM/n3531
	REG_Q_wires[703]
	n5219
	REG_Q_wires[702]
	CMEM/n3534
	n5221
	CMEM/n3537
	REG_Q_wires[701]
	n5228
	CMEM/n1997
	REG_Q_wires[700]
	n5229
	CMEM/n1999
	REG_Q_wires[699]
	n5230
	REG_Q_wires[698]
	CMEM/n3540
	n5232
	CMEM/n3544
	REG_Q_wires[697]
	n5233
	CMEM/n3549
	REG_Q_wires[696]
	n5234
	CMEM/n3552
	REG_Q_wires[695]
	n5235
	REG_Q_wires[694]
	CMEM/n1446
	n5237
	CMEM/n1447
	REG_Q_wires[693]
	n5251
	CMEM/n1448
	REG_Q_wires[692]
	n5252
	CMEM/n1453
	REG_Q_wires[691]
	n5253
	REG_Q_wires[690]
	CMEM/n3585
	n5255
	CMEM/n3587
	REG_Q_wires[689]
	n5276
	CMEM/n1463
	REG_Q_wires[688]
	n5298
	CMEM/n1466
	REG_Q_wires[687]
	n5306
	REG_Q_wires[686]
	CMEM/n1468
	n5321
	CMEM/n3590
	REG_Q_wires[685]
	n5476
	CMEM/n3591
	REG_Q_wires[684]
	n5477
	CMEM/n3594
	REG_Q_wires[683]
	n5478
	REG_Q_wires[682]
	CMEM/n3595
	n5479
	CMEM/n3598
	REG_Q_wires[681]
	n5480
	CMEM/n1473
	REG_Q_wires[680]
	n5481
	CMEM/n1475
	REG_Q_wires[679]
	n5482
	REG_Q_wires[678]
	CMEM/n1478
	n5483
	CMEM/n1486
	REG_Q_wires[677]
	n5484
	CMEM/n1488
	REG_Q_wires[676]
	n5485
	CMEM/n3030
	REG_Q_wires[675]
	n5486
	REG_Q_wires[674]
	CMEM/n3035
	n5487
	CMEM/n3038
	REG_Q_wires[673]
	n5488
	CMEM/n1490
	REG_Q_wires[672]
	n5489
	CMEM/n3053
	REG_Q_wires[671]
	n5490
	REG_Q_wires[670]
	CMEM/n3055
	n5491
	CMEM/n3065
	REG_Q_wires[669]
	n5508
	CMEM/n2503
	REG_Q_wires[668]
	n5509
	CMEM/n2508
	REG_Q_wires[667]
	n5510
	REG_Q_wires[666]
	CMEM/n3094
	n5511
	CMEM/n2510
	REG_Q_wires[665]
	n5512
	CMEM/n2514
	REG_Q_wires[664]
	n5513
	CMEM/n2516
	REG_Q_wires[663]
	n5514
	REG_Q_wires[662]
	CMEM/n2518
	n5515
	CMEM/n2525
	REG_Q_wires[661]
	n5516
	CMEM/n2546
	REG_Q_wires[660]
	n5517
	CMEM/n2549
	REG_Q_wires[659]
	n5518
	REG_Q_wires[658]
	CMEM/n2551
	n5519
	CMEM/n2553
	REG_Q_wires[657]
	n5520
	CMEM/n2557
	REG_Q_wires[656]
	n5521
	CMEM/n4101
	REG_Q_wires[655]
	n5522
	REG_Q_wires[654]
	CMEM/n4102
	n5523
	CMEM/n2566
	REG_Q_wires[653]
	n5588
	CMEM/n2569
	REG_Q_wires[652]
	n5589
	CMEM/n2574
	REG_Q_wires[651]
	n5590
	REG_Q_wires[650]
	CMEM/n2577
	n5591
	CMEM/n4120
	REG_Q_wires[649]
	n5592
	CMEM/n4121
	REG_Q_wires[648]
	n5593
	CMEM/n4123
	REG_Q_wires[647]
	n5594
	REG_Q_wires[646]
	CMEM/n4125
	n5595
	CMEM/n2000
	REG_Q_wires[645]
	n5596
	CMEM/n2580
	REG_Q_wires[644]
	n5597
	CMEM/n2005
	REG_Q_wires[643]
	n5598
	REG_Q_wires[642]
	CMEM/n2583
	n5599
	CMEM/n2007
	REG_Q_wires[641]
	n5600
	CMEM/n2585
	REG_Q_wires[640]
	n5601
	CMEM/n2586
	REG_Q_wires[639]
	n5602
	REG_Q_wires[638]
	CMEM/n2588
	n5603
	CMEM/n2589
	REG_Q_wires[637]
	n5604
	CMEM/n4132
	REG_Q_wires[636]
	n5605
	CMEM/n4133
	REG_Q_wires[635]
	n5606
	REG_Q_wires[634]
	CMEM/n4134
	n5607
	CMEM/n4136
	REG_Q_wires[633]
	n5608
	CMEM/n2591
	REG_Q_wires[632]
	n5609
	CMEM/n2015
	REG_Q_wires[631]
	n5610
	REG_Q_wires[630]
	CMEM/n2595
	n5611
	CMEM/n2018
	REG_Q_wires[629]
	n5612
	CMEM/n2019
	REG_Q_wires[628]
	n5613
	CMEM/n2597
	REG_Q_wires[627]
	n5614
	REG_Q_wires[626]
	CMEM/n2598
	n5615
	CMEM/n4143
	REG_Q_wires[625]
	n5616
	CMEM/n4144
	REG_Q_wires[624]
	n5617
	CMEM/n4145
	REG_Q_wires[623]
	n5618
	REG_Q_wires[622]
	CMEM/n4148
	n5619
	CMEM/n2025
	REG_Q_wires[621]
	n5636
	CMEM/n2033
	REG_Q_wires[620]
	n5637
	CMEM/n4163
	REG_Q_wires[619]
	n5638
	REG_Q_wires[618]
	CMEM/n4164
	n5639
	CMEM/n2040
	REG_Q_wires[617]
	n5640
	CMEM/n2041
	REG_Q_wires[616]
	n5641
	CMEM/n4169
	REG_Q_wires[615]
	n5642
	REG_Q_wires[614]
	CMEM/n2048
	n5643
	CMEM/n4171
	REG_Q_wires[613]
	n5644
	CMEM/n2050
	REG_Q_wires[612]
	n5645
	CMEM/n2054
	REG_Q_wires[611]
	n5646
	REG_Q_wires[610]
	CMEM/n2056
	n5647
	CMEM/n4183
	REG_Q_wires[609]
	n5648
	CMEM/n4184
	REG_Q_wires[608]
	n5649
	CMEM/n2061
	REG_Q_wires[607]
	n5650
	REG_Q_wires[606]
	CMEM/n2063
	n5651
	CMEM/n2064
	REG_Q_wires[605]
	n5668
	CMEM/n2066
	REG_Q_wires[604]
	n5669
	CMEM/n3600
	REG_Q_wires[603]
	n5670
	REG_Q_wires[602]
	CMEM/n3602
	n5671
	CMEM/n3604
	REG_Q_wires[601]
	n5672
	CMEM/n4192
	REG_Q_wires[600]
	n5673
	CMEM/n4195
	REG_Q_wires[599]
	n5674
	REG_Q_wires[598]
	CMEM/n2071
	n5675
	CMEM/n2075
	REG_Q_wires[597]
	n5676
	CMEM/n2077
	REG_Q_wires[596]
	n5677
	CMEM/n3613
	REG_Q_wires[595]
	n5678
	REG_Q_wires[594]
	CMEM/n3616
	n5679
	CMEM/n2086
	REG_Q_wires[593]
	n5680
	CMEM/n2087
	REG_Q_wires[592]
	CMEM/n1197
	CMEM/n1500
	REG_Q_wires[591]
	CMEM/n2756
	REG_Q_wires[590]
	CMEM/n1501
	CMEM/n1200
	CMEM/n1509
	REG_Q_wires[589]
	CMEM/n21
	CMEM/n2090
	REG_Q_wires[588]
	CMEM/n97
	CMEM/n2093
	REG_Q_wires[587]
	CMEM/n1312
	REG_Q_wires[586]
	CMEM/n3633
	CMEM/n1313
	CMEM/n3636
	REG_Q_wires[585]
	CMEM/n1314
	CMEM/n1510
	REG_Q_wires[584]
	CMEM/n1315
	CMEM/n1511
	REG_Q_wires[583]
	CMEM/n1337
	REG_Q_wires[582]
	CMEM/n3639
	CMEM/n1344
	CMEM/n1514
	REG_Q_wires[581]
	CMEM/n1345
	CMEM/n3646
	REG_Q_wires[580]
	CMEM/n1353
	CMEM/n1521
	REG_Q_wires[579]
	CMEM/n1363
	REG_Q_wires[578]
	CMEM/n1522
	CMEM/n129
	CMEM/n3649
	REG_Q_wires[577]
	CMEM/n154
	CMEM/n1523
	REG_Q_wires[576]
	CMEM/n164
	CMEM/n3651
	REG_Q_wires[575]
	CMEM/n168
	REG_Q_wires[574]
	CMEM/n1531
	CMEM/n1976
	CMEM/n3658
	REG_Q_wires[573]
	CMEM/n1984
	CMEM/n1532
	REG_Q_wires[572]
	CMEM/n1409
	CMEM/n1533
	REG_Q_wires[571]
	CMEM/n1427
	REG_Q_wires[570]
	CMEM/n1536
	CMEM/n1428
	CMEM/n3673
	REG_Q_wires[569]
	CMEM/n2047
	CMEM/n3678
	REG_Q_wires[568]
	CMEM/n1
	CMEM/n3103
	REG_Q_wires[567]
	CMEM/n3663
	REG_Q_wires[566]
	CMEM/n3684
	CMEM/n3676
	CMEM/n3692
	REG_Q_wires[565]
	CMEM/n1575
	CMEM/n3696
	REG_Q_wires[564]
	CMEM/n2149
	CMEM/n3124
	REG_Q_wires[563]
	CMEM/n2151
	REG_Q_wires[562]
	CMEM/n3129
	CMEM/n1645
	CMEM/n3144
	REG_Q_wires[561]
	CMEM/n3771
	CMEM/n3162
	REG_Q_wires[560]
	CMEM/n3795
	CMEM/n3184
	REG_Q_wires[559]
	CMEM/n1677
	REG_Q_wires[558]
	CMEM/n2600
	CMEM/n1678
	CMEM/n2601
	REG_Q_wires[557]
	CMEM/n1686
	CMEM/n2603
	REG_Q_wires[556]
	n900
	CMEM/n2604
	REG_Q_wires[555]
	n901
	REG_Q_wires[554]
	CMEM/n2606
	n902
	CMEM/n3191
	REG_Q_wires[553]
	n903
	CMEM/n2611
	REG_Q_wires[552]
	n904
	CMEM/n2613
	REG_Q_wires[551]
	n905
	REG_Q_wires[550]
	CMEM/n2620
	n906
	CMEM/n2624
	REG_Q_wires[549]
	n907
	CMEM/n2626
	REG_Q_wires[548]
	n908
	CMEM/n2628
	REG_Q_wires[547]
	n909
	REG_Q_wires[546]
	CMEM/n2630
	n910
	CMEM/n2640
	REG_Q_wires[545]
	n911
	CMEM/n2642
	REG_Q_wires[544]
	n912
	CMEM/n2644
	REG_Q_wires[543]
	n913
	REG_Q_wires[542]
	CMEM/n2649
	n914
	CMEM/n2651
	REG_Q_wires[541]
	n915
	CMEM/n2655
	REG_Q_wires[540]
	n916
	CMEM/n2657
	REG_Q_wires[539]
	n917
	REG_Q_wires[538]
	CMEM/n2659
	n918
	CMEM/n2666
	REG_Q_wires[537]
	n919
	CMEM/n2668
	REG_Q_wires[536]
	n920
	CMEM/n4217
	REG_Q_wires[535]
	n921
	REG_Q_wires[534]
	CMEM/n2670
	n922
	CMEM/n2673
	REG_Q_wires[533]
	n923
	CMEM/n2675
	REG_Q_wires[532]
	n924
	CMEM/n4227
	REG_Q_wires[531]
	n925
	REG_Q_wires[530]
	CMEM/n2100
	n926
	CMEM/n2102
	REG_Q_wires[529]
	n927
	CMEM/n2103
	REG_Q_wires[528]
	n928
	CMEM/n2106
	REG_Q_wires[527]
	n929
	REG_Q_wires[526]
	CMEM/n2684
	n930
	CMEM/n2686
	REG_Q_wires[525]
	n931
	CMEM/n2687
	REG_Q_wires[524]
	n932
	CMEM/n2689
	REG_Q_wires[523]
	n933
	REG_Q_wires[522]
	CMEM/n4230
	n934
	CMEM/n2691
	REG_Q_wires[521]
	n935
	CMEM/n2116
	REG_Q_wires[520]
	n967
	CMEM/n2694
	REG_Q_wires[519]
	n968
	REG_Q_wires[518]
	CMEM/n2118
	n969
	CMEM/n2119
	REG_Q_wires[517]
	n970
	CMEM/n2697
	REG_Q_wires[516]
	n971
	CMEM/n2699
	REG_Q_wires[515]
	n972
	REG_Q_wires[514]
	CMEM/n4242
	n973
	CMEM/n4247
	REG_Q_wires[513]
	n974
	CMEM/n4248
	REG_Q_wires[512]
	n975
	CMEM/n2121
	REG_Q_wires[511]
	n976
	REG_Q_wires[510]
	CMEM/n2125
	n977
	CMEM/n2127
	REG_Q_wires[509]
	n978
	CMEM/n2129
	REG_Q_wires[508]
	n979
	CMEM/n4259
	REG_Q_wires[507]
	n980
	REG_Q_wires[506]
	CMEM/n4261
	n981
	CMEM/n4265
	REG_Q_wires[505]
	n982
	CMEM/n4266
	REG_Q_wires[504]
	n983
	CMEM/n2167
	REG_Q_wires[503]
	n984
	REG_Q_wires[502]
	CMEM/n2168
	n985
	CMEM/n2169
	REG_Q_wires[501]
	n986
	CMEM/n3701
	REG_Q_wires[500]
	n987
	CMEM/n3704
	REG_Q_wires[499]
	n988
	REG_Q_wires[498]
	CMEM/n3707
	n989
	CMEM/n4292
	REG_Q_wires[497]
	n990
	CMEM/n2171
	REG_Q_wires[496]
	n991
	CMEM/n2174
	REG_Q_wires[495]
	n992
	REG_Q_wires[494]
	CMEM/n2176
	n993
	CMEM/n2178
	REG_Q_wires[493]
	n994
	CMEM/n3713
	REG_Q_wires[492]
	n995
	CMEM/n3716
	REG_Q_wires[491]
	n996
	REG_Q_wires[490]
	CMEM/n3717
	n997
	CMEM/n3718
	REG_Q_wires[489]
	n998
	CMEM/n2180
	REG_Q_wires[488]
	n999
	CMEM/n2182
	REG_Q_wires[487]
	n1000
	REG_Q_wires[486]
	CMEM/n2188
	n1001
	CMEM/n3723
	REG_Q_wires[485]
	n1002
	CMEM/n3726
	REG_Q_wires[484]
	n1003
	CMEM/n1601
	REG_Q_wires[483]
	n1004
	REG_Q_wires[482]
	CMEM/n1603
	n1005
	CMEM/n1605
	REG_Q_wires[481]
	n1006
	CMEM/n1608
	REG_Q_wires[480]
	n1007
	CMEM/n2190
	REG_Q_wires[479]
	n1008
	REG_Q_wires[478]
	CMEM/n2193
	n1009
	CMEM/n2196
	REG_Q_wires[477]
	n1010
	CMEM/n3735
	REG_Q_wires[476]
	n1011
	CMEM/n3738
	REG_Q_wires[475]
	n1012
	REG_Q_wires[474]
	CMEM/n3739
	n1013
	CMEM/n1618
	REG_Q_wires[473]
	n1014
	CMEM/n3740
	REG_Q_wires[472]
	n1015
	CMEM/n3748
	REG_Q_wires[471]
	n1016
	REG_Q_wires[470]
	CMEM/n1626
	n1017
	CMEM/n3750
	REG_Q_wires[469]
	n1018
	CMEM/n3751
	REG_Q_wires[468]
	n1019
	CMEM/n1630
	REG_Q_wires[467]
	n1020
	REG_Q_wires[466]
	CMEM/n1635
	n1021
	CMEM/n3761
	REG_Q_wires[465]
	n1022
	CMEM/n3764
	REG_Q_wires[464]
	n1023
	CMEM/n3765
	REG_Q_wires[463]
	n1024
	REG_Q_wires[462]
	CMEM/n3766
	n1025
	CMEM/n1646
	REG_Q_wires[461]
	n1062
	CMEM/n1648
	REG_Q_wires[460]
	n1063
	CMEM/n1649
	REG_Q_wires[459]
	n1064
	REG_Q_wires[458]
	CMEM/n3778
	n1065
	CMEM/n1658
	REG_Q_wires[457]
	n1066
	CMEM/n3781
	REG_Q_wires[456]
	n1067
	CMEM/n3782
	REG_Q_wires[455]
	n1068
	REG_Q_wires[454]
	CMEM/n3209
	n1069
	CMEM/n1662
	REG_Q_wires[453]
	n1070
	CMEM/n1663
	REG_Q_wires[452]
	n1071
	CMEM/n1665
	REG_Q_wires[451]
	n1072
	REG_Q_wires[450]
	CMEM/n1666
	n1073
	CMEM/n1667
	REG_Q_wires[449]
	n1074
	CMEM/n1669
	REG_Q_wires[448]
	n1075
	CMEM/n3212
	REG_Q_wires[447]
	n1076
	REG_Q_wires[446]
	CMEM/n3215
	n1077
	CMEM/n1670
	REG_Q_wires[445]
	n1109
	CMEM/n1672
	REG_Q_wires[444]
	n1110
	CMEM/n3799
	REG_Q_wires[443]
	n1111
	REG_Q_wires[442]
	CMEM/n1673
	n1112
	CMEM/n1675
	REG_Q_wires[441]
	n1113
	CMEM/n3220
	REG_Q_wires[440]
	n1114
	CMEM/n3222
	REG_Q_wires[439]
	n1115
	REG_Q_wires[438]
	CMEM/n1680
	n1116
	CMEM/n1683
	REG_Q_wires[437]
	n1117
	CMEM/n1685
	REG_Q_wires[436]
	n1118
	CMEM/n3238
	REG_Q_wires[435]
	n1119
	REG_Q_wires[434]
	CMEM/n3241
	n1120
	CMEM/n3253
	REG_Q_wires[433]
	n1121
	CMEM/n3254
	REG_Q_wires[432]
	n1122
	CMEM/n3257
	REG_Q_wires[431]
	n1123
	REG_Q_wires[430]
	CMEM/n3262
	n1124
	CMEM/n3268
	REG_Q_wires[429]
	n1125
	CMEM/n3269
	REG_Q_wires[428]
	n1126
	CMEM/n3271
	REG_Q_wires[427]
	n1127
	REG_Q_wires[426]
	CMEM/n3282
	n1128
	CMEM/n3284
	REG_Q_wires[425]
	n1129
	CMEM/n2700
	REG_Q_wires[424]
	n1130
	CMEM/n2701
	REG_Q_wires[423]
	n1131
	REG_Q_wires[422]
	CMEM/n2703
	n1132
	CMEM/n2705
	REG_Q_wires[421]
	n1133
	CMEM/n2708
	REG_Q_wires[420]
	n1134
	CMEM/n3292
	REG_Q_wires[419]
	n1135
	REG_Q_wires[418]
	CMEM/n3298
	n1136
	CMEM/n2710
	REG_Q_wires[417]
	n1137
	CMEM/n2713
	REG_Q_wires[416]
	n1138
	CMEM/n2714
	REG_Q_wires[415]
	n1139
	REG_Q_wires[414]
	CMEM/n2717
	n1140
	CMEM/n2718
	REG_Q_wires[413]
	n1156
	CMEM/n2720
	REG_Q_wires[412]
	n1157
	CMEM/n2721
	REG_Q_wires[411]
	n1158
	REG_Q_wires[410]
	CMEM/n2723
	n1159
	REG_Q_wires[409]
	n2854
	n1160
	REG_Q_wires[408]
	n2866
	n1161
	REG_Q_wires[407]
	n2880
	n1162
	REG_Q_wires[406]
	n2898
	n1163
	REG_Q_wires[405]
	n2899
	n1164
	REG_Q_wires[404]
	n2909
	n1165
	REG_Q_wires[403]
	n2914
	n1166
	REG_Q_wires[402]
	n2927
	n1167
	REG_Q_wires[401]
	n2928
	n1168
	REG_Q_wires[400]
	n2938
	n1169
	REG_Q_wires[399]
	n2939
	n1170
	REG_Q_wires[398]
	n2950
	n1171
	REG_Q_wires[397]
	n2951
	n1172
	REG_Q_wires[396]
	n2981
	n1173
	REG_Q_wires[395]
	n2982
	n1174
	REG_Q_wires[394]
	n2983
	n1175
	REG_Q_wires[393]
	n2984
	n1176
	REG_Q_wires[392]
	n3007
	n1177
	REG_Q_wires[391]
	n3008
	n1178
	REG_Q_wires[390]
	n3009
	n1179
	REG_Q_wires[389]
	n3034
	n1180
	REG_Q_wires[388]
	n3035
	n1181
	REG_Q_wires[387]
	n3036
	n1182
	REG_Q_wires[386]
	n3037
	n1183
	REG_Q_wires[385]
	n3066
	n1184
	REG_Q_wires[384]
	n3067
	n1185
	REG_Q_wires[383]
	n3068
	n1186
	REG_Q_wires[382]
	n3081
	n1187
	REG_Q_wires[381]
	n3082
	n1188
	REG_Q_wires[380]
	n3117
	n1189
	REG_Q_wires[379]
	n3118
	n1190
	REG_Q_wires[378]
	n3119
	n1191
	REG_Q_wires[377]
	n3131
	n1192
	REG_Q_wires[376]
	n3136
	n1193
	REG_Q_wires[375]
	n3142
	n1194
	REG_Q_wires[374]
	n3146
	n1195
	REG_Q_wires[373]
	n3152
	n1196
	REG_Q_wires[372]
	n3157
	n1197
	REG_Q_wires[371]
	n3162
	n1198
	REG_Q_wires[370]
	n3171
	n1199
	REG_Q_wires[369]
	n3190
	n1200
	REG_Q_wires[368]
	n3192
	n1201
	REG_Q_wires[367]
	n3202
	n1202
	REG_Q_wires[366]
	n3213
	n1203
	REG_Q_wires[365]
	n3226
	n1345
	REG_Q_wires[364]
	n3244
	n1346
	REG_Q_wires[363]
	n3245
	n1347
	REG_Q_wires[362]
	n3281
	n1348
	REG_Q_wires[361]
	n3282
	n1349
	REG_Q_wires[360]
	n3294
	n1350
	REG_Q_wires[359]
	n3295
	n1351
	REG_Q_wires[358]
	n3333
	n1352
	REG_Q_wires[357]
	n3334
	n1353
	REG_Q_wires[356]
	n3335
	n1354
	REG_Q_wires[355]
	n3364
	n1355
	REG_Q_wires[354]
	n3365
	n1356
	REG_Q_wires[353]
	n3366
	n1357
	REG_Q_wires[352]
	n3367
	n1358
	REG_Q_wires[351]
	n3385
	n1359
	REG_Q_wires[350]
	n3395
	n1360
	REG_Q_wires[349]
	n3397
	n1361
	REG_Q_wires[348]
	n3398
	n1362
	REG_Q_wires[347]
	n3413
	n1363
	REG_Q_wires[346]
	n3414
	n1364
	REG_Q_wires[345]
	n3460
	n1365
	REG_Q_wires[344]
	n3461
	n1366
	REG_Q_wires[343]
	n3462
	n1367
	REG_Q_wires[342]
	n3468
	n1368
	REG_Q_wires[341]
	n3479
	n1369
	REG_Q_wires[340]
	n3487
	n1370
	REG_Q_wires[339]
	n3489
	n1371
	REG_Q_wires[338]
	n3498
	n1372
	REG_Q_wires[337]
	n3519
	n1373
	REG_Q_wires[336]
	n3520
	n1374
	REG_Q_wires[335]
	n3521
	n1375
	REG_Q_wires[334]
	n3529
	n1376
	REG_Q_wires[333]
	n3535
	n1377
	REG_Q_wires[332]
	n3550
	n1378
	REG_Q_wires[331]
	n3551
	n1379
	REG_Q_wires[330]
	n3565
	n1380
	REG_Q_wires[329]
	n3581
	n1381
	REG_Q_wires[328]
	n3592
	n1382
	REG_Q_wires[327]
	n3599
	n1383
	REG_Q_wires[326]
	n3606
	n1384
	REG_Q_wires[325]
	n3615
	n1385
	REG_Q_wires[324]
	n3626
	n1386
	REG_Q_wires[323]
	n3632
	n1387
	REG_Q_wires[322]
	n3649
	n1388
	REG_Q_wires[321]
	n3650
	n1389
	REG_Q_wires[320]
	n3745
	n1390
	REG_Q_wires[319]
	n3765
	n1391
	REG_Q_wires[318]
	n3787
	n1392
	REG_Q_wires[317]
	n3788
	n1393
	REG_Q_wires[316]
	n3793
	n1394
	REG_Q_wires[315]
	n5279
	n1395
	REG_Q_wires[314]
	n5291
	n1396
	REG_Q_wires[313]
	cmem_out_Q[15]
	n1397
	REG_Q_wires[312]
	CMEM/n2729
	n1398
	REG_Q_wires[311]
	CMEM/n2731
	n1399
	REG_Q_wires[310]
	CMEM/n2733
	n1400
	REG_Q_wires[309]
	CMEM/n2741
	n1401
	REG_Q_wires[308]
	CMEM/n2744
	n1402
	REG_Q_wires[307]
	CMEM/n2746
	n1403
	REG_Q_wires[306]
	CMEM/n2748
	n1404
	REG_Q_wires[305]
	CMEM/n2750
	n1405
	REG_Q_wires[304]
	CMEM/n2753
	n1406
	REG_Q_wires[303]
	CMEM/n2755
	n1407
	REG_Q_wires[302]
	CMEM/n2757
	n1408
	REG_Q_wires[301]
	CMEM/n2758
	n1409
	REG_Q_wires[300]
	CMEM/n2760
	n1410
	REG_Q_wires[299]
	CMEM/n2761
	n1411
	REG_Q_wires[298]
	CMEM/n2763
	n1412
	REG_Q_wires[297]
	CMEM/n2764
	n1413
	REG_Q_wires[296]
	CMEM/n2766
	n1414
	REG_Q_wires[295]
	CMEM/n2767
	n1415
	REG_Q_wires[294]
	CMEM/n2768
	n1416
	REG_Q_wires[293]
	CMEM/n2769
	n1417
	REG_Q_wires[292]
	CMEM/n4313
	n1418
	REG_Q_wires[291]
	CMEM/n4314
	n1419
	REG_Q_wires[290]
	CMEM/n2770
	n1420
	REG_Q_wires[289]
	CMEM/n2771
	n1421
	REG_Q_wires[288]
	CMEM/n2775
	n1422
	REG_Q_wires[287]
	CMEM/n2777
	n1423
	REG_Q_wires[286]
	CMEM/n2778
	n1424
	REG_Q_wires[285]
	CMEM/n2779
	n1425
	REG_Q_wires[284]
	CMEM/n2200
	n1426
	REG_Q_wires[283]
	CMEM/n4329
	n1427
	REG_Q_wires[282]
	CMEM/n2202
	n1428
	REG_Q_wires[281]
	CMEM/n2780
	n1429
	REG_Q_wires[280]
	CMEM/n2781
	n1430
	REG_Q_wires[279]
	CMEM/n2204
	n1431
	REG_Q_wires[278]
	CMEM/n2782
	n1432
	REG_Q_wires[277]
	CMEM/n2784
	n1433
	REG_Q_wires[276]
	CMEM/n2786
	n1434
	REG_Q_wires[275]
	CMEM/n2787
	n1435
	REG_Q_wires[274]
	CMEM/n2788
	n1436
	REG_Q_wires[273]
	CMEM/n2790
	n1437
	REG_Q_wires[272]
	CMEM/n2213
	n1438
	REG_Q_wires[271]
	CMEM/n2791
	n1439
	REG_Q_wires[270]
	CMEM/n2793
	n1440
	REG_Q_wires[269]
	CMEM/n2794
	n1441
	REG_Q_wires[268]
	CMEM/n2217
	n1442
	REG_Q_wires[267]
	CMEM/n2795
	n1443
	REG_Q_wires[266]
	CMEM/n2796
	n1444
	REG_Q_wires[265]
	CMEM/n2219
	n1445
	REG_Q_wires[264]
	CMEM/n2798
	n1446
	REG_Q_wires[263]
	CMEM/n2799
	n1447
	REG_Q_wires[262]
	CMEM/n4343
	n1448
	REG_Q_wires[261]
	CMEM/n2221
	n1449
	REG_Q_wires[260]
	CMEM/n2224
	n1450
	REG_Q_wires[259]
	CMEM/n2226
	n1451
	REG_Q_wires[258]
	CMEM/n2228
	n1452
	REG_Q_wires[257]
	CMEM/n2231
	n1453
	REG_Q_wires[256]
	CMEM/n2233
	n1454
	REG_Q_wires[255]
	CMEM/n2235
	n1455
	REG_Q_wires[254]
	CMEM/n2237
	n1456
	REG_Q_wires[253]
	CMEM/n2239
	n1457
	REG_Q_wires[252]
	CMEM/n4364
	n1458
	REG_Q_wires[251]
	CMEM/n2242
	n1459
	REG_Q_wires[250]
	CMEM/n2246
	n1460
	REG_Q_wires[249]
	CMEM/n2248
	n1461
	REG_Q_wires[248]
	CMEM/n2250
	n1462
	REG_Q_wires[247]
	CMEM/n2251
	n1463
	REG_Q_wires[246]
	CMEM/n2253
	n1464
	REG_Q_wires[245]
	CMEM/n2255
	n1465
	REG_Q_wires[244]
	CMEM/n2256
	n1466
	REG_Q_wires[243]
	CMEM/n2258
	n1467
	REG_Q_wires[242]
	CMEM/n4386
	n1468
	REG_Q_wires[241]
	CMEM/n2261
	n1469
	REG_Q_wires[240]
	CMEM/n2263
	n1470
	REG_Q_wires[239]
	CMEM/n2264
	n1471
	REG_Q_wires[238]
	CMEM/n2266
	n1472
	REG_Q_wires[237]
	CMEM/n3807
	n1473
	REG_Q_wires[236]
	CMEM/n2271
	n1474
	REG_Q_wires[235]
	CMEM/n2273
	n1475
	REG_Q_wires[234]
	CMEM/n2274
	n1476
	REG_Q_wires[233]
	CMEM/n2276
	n1477
	REG_Q_wires[232]
	CMEM/n2279
	n1478
	REG_Q_wires[231]
	CMEM/n3812
	n1479
	REG_Q_wires[230]
	CMEM/n2281
	n1480
	REG_Q_wires[229]
	CMEM/n2285
	n1481
	REG_Q_wires[228]
	CMEM/n2287
	n1482
	REG_Q_wires[227]
	CMEM/n2288
	n1483
	REG_Q_wires[226]
	CMEM/n3826
	n1484
	REG_Q_wires[225]
	CMEM/n1706
	n1485
	REG_Q_wires[224]
	CMEM/n1708
	n1486
	REG_Q_wires[223]
	CMEM/n2291
	n1487
	REG_Q_wires[222]
	CMEM/n2292
	n1488
	REG_Q_wires[221]
	CMEM/n2294
	n1489
	REG_Q_wires[220]
	CMEM/n2296
	n1490
	REG_Q_wires[219]
	CMEM/n2298
	n1491
	REG_Q_wires[218]
	CMEM/n3836
	n1492
	REG_Q_wires[217]
	CMEM/n1710
	n1493
	REG_Q_wires[216]
	CMEM/n1712
	n1494
	REG_Q_wires[215]
	CMEM/n1723
	n1495
	REG_Q_wires[214]
	CMEM/n1725
	n1496
	REG_Q_wires[213]
	CMEM/n1728
	n1497
	REG_Q_wires[212]
	CMEM/n1730
	n1498
	REG_Q_wires[211]
	CMEM/n1732
	n1499
	REG_Q_wires[210]
	CMEM/n1735
	n1500
	REG_Q_wires[209]
	CMEM/n1737
	n1501
	REG_Q_wires[208]
	CMEM/n1739
	n1502
	REG_Q_wires[207]
	CMEM/n3860
	n1503
	REG_Q_wires[206]
	CMEM/n1742
	n1504
	REG_Q_wires[205]
	CMEM/n1743
	n1505
	REG_Q_wires[204]
	CMEM/n1744
	n1506
	REG_Q_wires[203]
	CMEM/n1746
	n1507
	REG_Q_wires[202]
	CMEM/n1748
	n1508
	REG_Q_wires[201]
	CMEM/n1749
	n1509
	REG_Q_wires[200]
	CMEM/n3875
	n1510
	REG_Q_wires[199]
	CMEM/n1750
	n1511
	REG_Q_wires[198]
	CMEM/n1751
	n1512
	REG_Q_wires[197]
	CMEM/n1753
	n1513
	REG_Q_wires[196]
	CMEM/n1756
	n1514
	REG_Q_wires[195]
	CMEM/n1759
	n1515
	REG_Q_wires[194]
	CMEM/n3304
	n1516
	REG_Q_wires[193]
	CMEM/n3306
	n1517
	REG_Q_wires[192]
	CMEM/n3308
	n1518
	REG_Q_wires[191]
	CMEM/n1761
	n1534
	REG_Q_wires[190]
	CMEM/n3888
	n1535
	REG_Q_wires[189]
	CMEM/n3895
	n1536
	REG_Q_wires[188]
	CMEM/n3328
	n1537
	REG_Q_wires[187]
	CMEM/n1783
	n1538
	REG_Q_wires[186]
	CMEM/n1785
	n1539
	REG_Q_wires[185]
	CMEM/n1787
	n1540
	REG_Q_wires[184]
	CMEM/n1789
	n1541
	REG_Q_wires[183]
	CMEM/n3330
	n1542
	REG_Q_wires[182]
	CMEM/n3332
	n1543
	REG_Q_wires[181]
	CMEM/n3334
	n1544
	REG_Q_wires[180]
	CMEM/n3339
	n1545
	REG_Q_wires[179]
	CMEM/n1791
	n1546
	REG_Q_wires[178]
	CMEM/n1792
	n1547
	REG_Q_wires[177]
	CMEM/n1794
	n1548
	REG_Q_wires[176]
	CMEM/n1798
	n1549
	REG_Q_wires[175]
	CMEM/n3343
	n1550
	REG_Q_wires[174]
	CMEM/n3344
	n1551
	REG_Q_wires[173]
	CMEM/n3347
	n1552
	REG_Q_wires[172]
	CMEM/n3350
	n1553
	REG_Q_wires[171]
	CMEM/n3353
	n1554
	REG_Q_wires[170]
	CMEM/n3355
	n1555
	REG_Q_wires[169]
	CMEM/n3358
	n1556
	REG_Q_wires[168]
	CMEM/n3361
	n1557
	REG_Q_wires[167]
	CMEM/n3364
	n1558
	REG_Q_wires[166]
	CMEM/n3367
	n1559
	REG_Q_wires[165]
	CMEM/n3370
	n1560
	REG_Q_wires[164]
	CMEM/n3374
	n1561
	REG_Q_wires[163]
	CMEM/n3377
	n1562
	REG_Q_wires[162]
	CMEM/n3386
	n1563
	REG_Q_wires[161]
	CMEM/n3388
	n1564
	REG_Q_wires[160]
	CMEM/n2801
	n1565
	REG_Q_wires[159]
	CMEM/n2803
	n1582
	REG_Q_wires[158]
	CMEM/n2805
	n1583
	REG_Q_wires[157]
	CMEM/n2807
	n1584
	REG_Q_wires[156]
	CMEM/n2808
	n1585
	REG_Q_wires[155]
	CMEM/n2809
	n1586
	REG_Q_wires[154]
	CMEM/n2810
	n1587
	REG_Q_wires[153]
	CMEM/n2812
	n1588
	REG_Q_wires[152]
	CMEM/n2815
	n1589
	REG_Q_wires[151]
	CMEM/n2817
	n1590
	REG_Q_wires[150]
	CMEM/n2822
	n1591
	REG_Q_wires[149]
	CMEM/n2823
	n1592
	REG_Q_wires[148]
	CMEM/n2825
	n1593
	REG_Q_wires[147]
	CMEM/n2827
	n1594
	REG_Q_wires[146]
	CMEM/n2828
	n1595
	REG_Q_wires[145]
	CMEM/n2829
	n1596
	REG_Q_wires[144]
	CMEM/n2835
	n1597
	REG_Q_wires[143]
	CMEM/n2836
	n1598
	REG_Q_wires[142]
	CMEM/n2838
	n1599
	REG_Q_wires[141]
	CMEM/n2840
	n1600
	REG_Q_wires[140]
	CMEM/n2842
	n1601
	REG_Q_wires[139]
	CMEM/n2846
	n1602
	REG_Q_wires[138]
	CMEM/n2854
	n1603
	REG_Q_wires[137]
	CMEM/n2856
	n1604
	REG_Q_wires[136]
	CMEM/n2858
	n1605
	REG_Q_wires[135]
	CMEM/n2860
	n1606
	REG_Q_wires[134]
	CMEM/n2862
	n1607
	REG_Q_wires[133]
	CMEM/n2864
	n1608
	REG_Q_wires[132]
	CMEM/n2865
	n1609
	REG_Q_wires[131]
	CMEM/n2867
	n1610
	REG_Q_wires[130]
	CMEM/n2868
	n1611
	REG_Q_wires[129]
	CMEM/n2869
	n1612
	REG_Q_wires[128]
	CMEM/n2871
	n1613
	REG_Q_wires[127]
	CMEM/n2873
	n1614
	REG_Q_wires[126]
	CMEM/n2875
	n1615
	REG_Q_wires[125]
	CMEM/n2876
	n1616
	REG_Q_wires[124]
	CMEM/n2878
	n1617
	REG_Q_wires[123]
	CMEM/n2879
	n1618
	REG_Q_wires[122]
	CMEM/n2300
	n1619
	REG_Q_wires[121]
	CMEM/n2880
	n1620
	REG_Q_wires[120]
	CMEM/n2303
	n1621
	REG_Q_wires[119]
	CMEM/n2882
	n1622
	REG_Q_wires[118]
	CMEM/n2884
	n1623
	REG_Q_wires[117]
	CMEM/n2307
	n1624
	REG_Q_wires[116]
	CMEM/n2886
	n1625
	REG_Q_wires[115]
	CMEM/n2309
	n1626
	REG_Q_wires[114]
	CMEM/n2889
	n1627
	REG_Q_wires[113]
	CMEM/n2311
	n1628
	REG_Q_wires[112]
	CMEM/n2314
	n1909
	REG_Q_wires[111]
	CMEM/n2892
	n1915
	REG_Q_wires[110]
	CMEM/n2894
	n1916
	REG_Q_wires[109]
	CMEM/n2896
	n1918
	REG_Q_wires[108]
	CMEM/n2897
	n2080
	REG_Q_wires[107]
	CMEM/n2899
	n2163
	REG_Q_wires[106]
	CMEM/n2336
	n2165
	REG_Q_wires[105]
	CMEM/n2339
	n2178
	REG_Q_wires[104]
	CMEM/n2341
	n2188
	REG_Q_wires[103]
	CMEM/n2343
	n2213
	REG_Q_wires[102]
	CMEM/n2344
	n2220
	REG_Q_wires[101]
	CMEM/n2346
	n2228
	REG_Q_wires[100]
	CMEM/n2348
	n2270
	REG_Q_wires[99]
	CMEM/n35
	n2291
	REG_Q_wires[98]
	CMEM/n36
	n2292
	REG_Q_wires[97]
	CMEM/n2351
	n2312
	REG_Q_wires[96]
	CMEM/n2354
	n2317
	REG_Q_wires[95]
	CMEM/n2358
	n2323
	REG_Q_wires[94]
	CMEM/n2361
	n2324
	REG_Q_wires[93]
	CMEM/n2364
	n2353
	REG_Q_wires[92]
	CMEM/n2368
	n2402
	REG_Q_wires[91]
	CMEM/n2370
	n2405
	REG_Q_wires[90]
	CMEM/n2371
	n2416
	REG_Q_wires[89]
	CMEM/n2372
	n2417
	REG_Q_wires[88]
	CMEM/n3912
	n2418
	REG_Q_wires[87]
	CMEM/n3916
	n2452
	REG_Q_wires[86]
	CMEM/n3922
	n2458
	REG_Q_wires[85]
	CMEM/n1805
	n2545
	REG_Q_wires[84]
	CMEM/n1807
	n2547
	REG_Q_wires[83]
	CMEM/n80
	n2548
	REG_Q_wires[82]
	CMEM/n81
	n2550
	REG_Q_wires[81]
	CMEM/n3935
	n2551
	REG_Q_wires[80]
	CMEM/n1810
	n2552
	REG_Q_wires[79]
	CMEM/n1811
	n2553
	REG_Q_wires[78]
	CMEM/n1812
	n2554
	REG_Q_wires[77]
	CMEM/n1813
	n2555
	REG_Q_wires[76]
	CMEM/n1815
	n2556
	REG_Q_wires[75]
	CMEM/n1816
	n2557
	REG_Q_wires[74]
	CMEM/n1818
	n2558
	REG_Q_wires[73]
	CMEM/n1819
	n2565
	REG_Q_wires[72]
	CMEM/n3941
	n2577
	REG_Q_wires[71]
	CMEM/n1822
	n2582
	REG_Q_wires[70]
	CMEM/n1825
	n2585
	REG_Q_wires[69]
	CMEM/n1827
	n2636
	REG_Q_wires[68]
	CMEM/n1828
	n2637
	REG_Q_wires[67]
	CMEM/n1831
	n2638
	REG_Q_wires[66]
	CMEM/n3959
	n2639
	REG_Q_wires[65]
	CMEM/n1833
	n2640
	REG_Q_wires[64]
	CMEM/n1840
	n2641
	REG_Q_wires[63]
	CMEM/n1841
	n2642
	REG_Q_wires[62]
	CMEM/n1842
	n2652
	REG_Q_wires[61]
	CMEM/n1843
	n2653
	REG_Q_wires[60]
	CMEM/n1844
	n2655
	REG_Q_wires[59]
	CMEM/n1845
	n2704
	REG_Q_wires[58]
	CMEM/n1847
	n2713
	REG_Q_wires[57]
	CMEM/n3970
	n2795
	REG_Q_wires[56]
	CMEM/n3976
	n2826
	REG_Q_wires[55]
	CMEM/n1850
	n2844
	REG_Q_wires[54]
	CMEM/n1855
	n2884
	REG_Q_wires[53]
	CMEM/n1858
	n2904
	REG_Q_wires[52]
	CMEM/n1859
	n3024
	REG_Q_wires[51]
	CMEM/n3401
	n3050
	REG_Q_wires[50]
	CMEM/n3409
	n3059
	REG_Q_wires[49]
	CMEM/n1863
	n3087
	REG_Q_wires[48]
	CMEM/n1868
	n3110
	REG_Q_wires[47]
	CMEM/n1870
	n3137
	REG_Q_wires[46]
	CMEM/n1872
	n3195
	REG_Q_wires[45]
	CMEM/n3999
	n3217
	REG_Q_wires[44]
	CMEM/n1874
	n3233
	REG_Q_wires[43]
	CMEM/n1876
	n3235
	REG_Q_wires[42]
	CMEM/n1878
	n3273
	REG_Q_wires[41]
	CMEM/n3420
	n3337
	REG_Q_wires[40]
	CMEM/n3425
	n3338
	REG_Q_wires[39]
	CMEM/n3428
	n3353
	REG_Q_wires[38]
	CMEM/n1880
	n3361
	REG_Q_wires[37]
	CMEM/n1882
	n3383
	REG_Q_wires[36]
	CMEM/n1885
	n3449
	REG_Q_wires[35]
	CMEM/n1887
	n3533
	REG_Q_wires[34]
	CMEM/n1888
	n3608
	REG_Q_wires[33]
	CMEM/n3433
	n3609
	REG_Q_wires[32]
	CMEM/n3436
	n3659
	REG_Q_wires[31]
	CMEM/n3439
	n3664
	REG_Q_wires[30]
	CMEM/n1891
	n3668
	REG_Q_wires[29]
	CMEM/n1893
	n3670
	REG_Q_wires[28]
	CMEM/n1895
	n3671
	REG_Q_wires[27]
	CMEM/n1318
	n3675
	REG_Q_wires[26]
	CMEM/n1896
	n3680
	REG_Q_wires[25]
	CMEM/n1898
	n3681
	REG_Q_wires[24]
	CMEM/n1899
	n3682
	REG_Q_wires[23]
	CMEM/n3442
	n3686
	REG_Q_wires[22]
	CMEM/n3445
	n3687
	REG_Q_wires[21]
	CMEM/n1321
	n3690
	REG_Q_wires[20]
	CMEM/n1323
	n3691
	REG_Q_wires[19]
	CMEM/n1325
	n3700
	REG_Q_wires[18]
	CMEM/n1327
	n3707
	REG_Q_wires[17]
	CMEM/n3453
	n3708
	REG_Q_wires[16]
	CMEM/n3455
	n3719
	REG_Q_wires[15]
	CMEM/n3458
	n3734
	REG_Q_wires[14]
	CMEM/n3459
	n3739
	REG_Q_wires[13]
	CMEM/n3462
	n3768
	REG_Q_wires[12]
	CMEM/n3463
	n3771
	REG_Q_wires[11]
	CMEM/n3466
	n3780
	REG_Q_wires[10]
	CMEM/n3467
	n3785
	REG_Q_wires[9]
	CMEM/n3470
	n3840
	REG_Q_wires[8]
	CMEM/n3473
	n3842
	REG_Q_wires[7]
	CMEM/n3475
	n3847
	REG_Q_wires[6]
	CMEM/n1350
	n3849
	REG_Q_wires[5]
	CMEM/n3478
	n3855
	REG_Q_wires[4]
	CMEM/n3479
	n3862
	REG_Q_wires[3]
	CMEM/n3482
	n3880
	REG_Q_wires[2]
	CMEM/n3486
	n3885
	REG_Q_wires[1]
	n3887
	REG_Q_wires[0]
	CMEM/n2901
	n3893
	ALU_sum[36]
	CMEM/n2905
	n3896
	ALU_sum[35]
	CMEM/n2909
	n3898
	ALU_sum[34]
	CMEM/n1370
	n3902
	ALU_sum[33]
	CMEM/n2911
	n3906
	ALU_sum[32]
	CMEM/n2912
	n3916
	ALU_sum[31]
	CMEM/n2914
	n3922
	ALU_sum[30]
	CMEM/n2916
	n3927
	ALU_sum[29]
	CMEM/n2917
	n3931
	ALU_sum[28]
	CMEM/n2919
	n3934
	ALU_sum[27]
	CMEM/n1380
	n3942
	ALU_sum[26]
	CMEM/n2921
	n3946
	ALU_sum[25]
	CMEM/n2922
	n3952
	ALU_sum[24]
	CMEM/n2924
	n4037
	ALU_sum[23]
	CMEM/n2926
	n4040
	ALU_sum[22]
	CMEM/n2929
	n4050
	ALU_sum[21]
	CMEM/n1392
	n4055
	ALU_sum[20]
	CMEM/n2931
	n4058
	ALU_sum[19]
	CMEM/n2934
	n4071
	ALU_sum[18]
	CMEM/n2937
	n4078
	ALU_sum[17]
	CMEM/n2939
	n4095
	ALU_sum[16]
	CMEM/n2940
	n4096
	ALU_sum[15]
	CMEM/n2942
	n4098
	ALU_sum[14]
	CMEM/n2944
	n4100
	ALU_sum[13]
	CMEM/n2946
	n4119
	ALU_sum[12]
	CMEM/n2949
	n4210
	ALU_sum[11]
	CMEM/n2952
	n4224
	ALU_sum[10]
	CMEM/n2954
	n4231
	ALU_sum[9]
	CMEM/n2957
	n4237
	ALU_sum[8]
	CMEM/n2959
	n4252
	ALU_sum[7]
	CMEM/n2960
	n4263
	ALU_sum[6]
	CMEM/n2961
	n4277
	ALU_sum[5]
	CMEM/n2963
	n4282
	ALU_sum[4]
	CMEM/n2964
	n4299
	ALU_sum[3]
	CMEM/n2966
	n4329
	ALU_sum[2]
	CMEM/n2969
	n4346
	ALU_sum[1]
	CMEM/n2972
	n4347
	ALU_sum[0]
	CMEM/n2975
	n4371
	FSM_state[2]
	CMEM/n699
	n4386
	FSM_state[1]
	CMEM/n2434
	n4428
	FSM_state[0]
	CMEM/n2436
	n4477
	CMEM/n2439
	ALU_U_mult_Pint[31]
	n4515
	ALU_U_mult_Pint[29]
	CMEM/n2440
	n4528
	CMEM/n2441
	ALU_U_mult_Pint[28]
	n4533
	CMEM/n2443
	ALU_U_mult_Pint[27]
	n4549
	CMEM/n2444
	ALU_U_mult_Pint[26]
	n4557
	ALU_U_mult_Pint[25]
	CMEM/n2446
	n4573
	CMEM/n2448
	ALU_U_mult_Pint[24]
	n4620
	CMEM/n2450
	ALU_U_mult_Pint[23]
	n4651
	CMEM/n2452
	ALU_U_mult_Pint[22]
	n4657
	ALU_U_mult_Pint[21]
	CMEM/n2457
	n4735
	CMEM/n2459
	ALU_U_mult_Pint[20]
	n5270
	CMEM/n4005
	ALU_U_mult_Pint[19]
	n5308
	CMEM/n2462
	ALU_U_mult_Pint[18]
	n5396
	ALU_U_mult_Pint[17]
	CMEM/n2463
	n5397
	CMEM/n2464
	ALU_U_mult_Pint[16]
	n5398
	CMEM/n2469
	ALU_U_mult_Pint[15]
	n5399
	CMEM/n2471
	ALU_U_mult_Pint[14]
	n5400
	ALU_U_mult_Pint[13]
	CMEM/n2472
	n5401
	CMEM/n2473
	ALU_U_mult_Pint[12]
	n5402
	CMEM/n2474
	ALU_U_mult_Pint[11]
	n5403
	CMEM/n2477
	ALU_U_mult_Pint[10]
	n5404
	ALU_U_mult_Pint[9]
	CMEM/n2479
	n5405
	CMEM/n187
	ALU_U_mult_Pint[8]
	n5406
	CMEM/n188
	ALU_U_mult_Pint[7]
	n5407
	CMEM/n189
	ALU_U_mult_Pint[6]
	n5408
	ALU_U_mult_Pint[5]
	CMEM/n4021
	n5409
	CMEM/n4023
	ALU_U_mult_Pint[4]
	n5410
	CMEM/n2480
	ALU_U_mult_Pint[3]
	n5411
	CMEM/n2482
	ALU_U_mult_Pint[2]
	n5412
	ALU_U_mult_Pint[1]
	CMEM/n2484
	n5413
	CMEM/n2485
	ALU_U_mult_Pint[0]
	n5414
	CMEM/n2487
	ALU_U_mult_A[31]
	n5415
	CMEM/n190
	ALU_U_mult_A[30]
	n5416
	ALU_U_mult_A[29]
	CMEM/n191
	n5417
	CMEM/n192
	ALU_U_mult_A[28]
	n5418
	CMEM/n193
	ALU_U_mult_A[27]
	n5419
	CMEM/n194
	ALU_U_mult_A[26]
	n5420
	ALU_U_mult_A[25]
	CMEM/n195
	n5421
	CMEM/n196
	ALU_U_mult_A[24]
	n5422
	CMEM/n197
	ALU_U_mult_A[23]
	n5423
	CMEM/n198
	ALU_U_mult_A[22]
	n5424
	ALU_U_mult_A[21]
	CMEM/n199
	n5425
	CMEM/n1900
	ALU_U_mult_A[20]
	n5426
	CMEM/n1902
	ALU_U_mult_A[19]
	n5427
	CMEM/n1903
	ALU_U_mult_A[18]
	n5428
	ALU_U_mult_A[17]
	CMEM/n1904
	n5429
	CMEM/n1905
	ALU_U_mult_A[16]
	n5430
	CMEM/n1906
	ALU_U_mult_A[15]
	n5431
	CMEM/n4036
	ALU_U_mult_A[14]
	n5432
	ALU_U_mult_A[13]
	CMEM/n1908
	n5433
	CMEM/n1909
	ALU_U_mult_A[12]
	n5434
	CMEM/n2490
	ALU_U_mult_A[11]
	n5435
	CMEM/n2491
	ALU_U_mult_A[10]
	n5436
	ALU_U_mult_A[9]
	CMEM/n2492
	n5437
	CMEM/n2494
	ALU_U_mult_A[8]
	n5438
	CMEM/n2497
	ALU_U_mult_A[7]
	n5439
	CMEM/n2498
	ALU_U_mult_A[6]
	n5440
	ALU_U_mult_A[5]
	CMEM/n1910
	n5441
	CMEM/n1913
	ALU_U_mult_A[4]
	n5442
	CMEM/n1915
	ALU_U_mult_A[3]
	n5443
	CMEM/n1917
	ALU_U_mult_A[2]
	n5444
	ALU_U_mult_A[1]
	CMEM/n4047
	n5445
	CMEM/n4049
	ALU_U_mult_A[0]
	n5446
	CMEM/n1920
	ALU_U_mult_B[15]
	n5447
	CMEM/n1921
	ALU_U_mult_B[14]
	n5448
	ALU_U_mult_B[13]
	CMEM/n1923
	n5449
	CMEM/n1925
	ALU_U_mult_B[12]
	n5450
	CMEM/n1927
	ALU_U_mult_B[11]
	n5451
	CMEM/n4058
	ALU_U_mult_B[10]
	n5452
	ALU_U_mult_B[9]
	CMEM/n1930
	n5453
	CMEM/n1932
	ALU_U_mult_B[8]
	n5454
	CMEM/n1933
	ALU_U_mult_B[7]
	n5455
	CMEM/n1936
	ALU_U_mult_B[6]
	n5456
	ALU_U_mult_B[5]
	CMEM/n1938
	n5457
	CMEM/n1939
	ALU_U_mult_B[4]
	n5458
	CMEM/n1940
	ALU_U_mult_B[3]
	n5459
	CMEM/n4071
	ALU_U_mult_B[2]
	n5460
	ALU_U_mult_B[1]
	CMEM/n1942
	n5461
	CMEM/n4073
	ALU_U_mult_B[0]
	n5462
	CMEM/n1944
	ALU_U_mult_y[1]
	n5463
	CMEM/n1947
	ALU_U_mult_y[0]
	n5464
	CMEM/mem[134]
	CMEM/n1948
	n5465
	CMEM/n1951
	CMEM/mem[925]
	n5466
	CMEM/n4082
	CMEM/mem[713]
	n5467
	CMEM/n1953
	CMEM/mem[501]
	n5468
	CMEM/mem[38]
	CMEM/n1955
	n5469
	CMEM/n1957
	CMEM/mem[559]
	n5470
	CMEM/n3507
	CMEM/mem[347]
	n5471
	CMEM/n3508
	CMEM/mem[135]
	n5472
	CMEM/mem[926]
	CMEM/n1960
	n5473
	CMEM/n1962
	CMEM/mem[714]
	n5474
	CMEM/n1965
	CMEM/mem[502]
	n5475
	CMEM/n1968
	CMEM/mem[39]
	n5492
	CMEM/mem[348]
	CMEM/n3519
	n5493
	CMEM/n1973
	CMEM/mem[136]
	n5494
	CMEM/n1974
	CMEM/mem[927]
	n5495
	CMEM/n3521
	CMEM/mem[715]
	n5496
	CMEM/mem[290]
	CMEM/n3524
	n5497
	CMEM/n3526
	CMEM/mem[503]
	n5498
	CMEM/n3529
	CMEM/mem[349]
	n5499
	CMEM/n1981
	CMEM/mem[137]
	n5500
	CMEM/mem[928]
	CMEM/n1986
	n5501
	CMEM/n1989
	CMEM/mem[716]
	n5502
	CMEM/n3532
	CMEM/mem[291]
	n5503
	CMEM/n3535
	CMEM/mem[504]
	n5504
	CMEM/mem[870]
	CMEM/n3538
	n5505
	CMEM/n1992
	CMEM/mem[138]
	n5506
	CMEM/n1994
	CMEM/mem[929]
	n5507
	CMEM/n1995
	CMEM/mem[717]
	n5524
	CMEM/mem[292]
	CMEM/n1996
	n5525
	CMEM/n1998
	CMEM/mem[505]
	n5526
	CMEM/n3542
	CMEM/mem[871]
	n5527
	CMEM/n3545
	CMEM/mem[139]
	n5528
	CMEM/mem[718]
	CMEM/n3547
	n5529
	CMEM/n3550
	CMEM/mem[293]
	n5530
	CMEM/n3553
	CMEM/mem[506]
	n5531
	CMEM/n3556
	CMEM/mem[872]
	n5532
	CMEM/mem[660]
	CMEM/n3557
	n5533
	CMEM/n3560
	CMEM/mem[719]
	n5534
	CMEM/n3561
	CMEM/mem[294]
	n5535
	CMEM/n3564
	CMEM/mem[507]
	n5536
	CMEM/mem[873]
	CMEM/n3565
	n5537
	CMEM/n3568
	CMEM/mem[661]
	n5538
	CMEM/n3569
	CMEM/mem[295]
	n5539
	CMEM/n3572
	CMEM/mem[508]
	n5540
	CMEM/mem[874]
	CMEM/n3573
	n5541
	CMEM/n3576
	CMEM/mem[662]
	n5542
	CMEM/n3577
	CMEM/mem[450]
	n5543
	CMEM/n1457
	CMEM/mem[296]
	n5544
	CMEM/mem[509]
	CMEM/n700
	n5545
	CMEM/n701
	CMEM/mem[875]
	n5546
	CMEM/n702
	CMEM/mem[663]
	n5547
	CMEM/n3580
	CMEM/mem[451]
	n5548
	CMEM/mem[297]
	CMEM/n703
	n5549
	CMEM/n3581
	CMEM/mem[876]
	n5550
	CMEM/n704
	CMEM/mem[664]
	n5551
	CMEM/n705
	CMEM/mem[452]
	n5552
	CMEM/mem[240]
	CMEM/n706
	n5553
	CMEM/n3584
	CMEM/mem[298]
	n5554
	CMEM/n707
	CMEM/mem[877]
	n5555
	CMEM/n708
	CMEM/mem[0]
	n5556
	CMEM/mem[665]
	CMEM/n709
	n5557
	CMEM/n3588
	CMEM/mem[453]
	n5558
	CMEM/n710
	CMEM/mem[241]
	n5559
	CMEM/n711
	CMEM/mem[299]
	n5560
	CMEM/mem[820]
	CMEM/n712
	n5561
	CMEM/n713
	CMEM/mem[878]
	n5562
	CMEM/n714
	CMEM/mem[1]
	n5563
	CMEM/n3592
	CMEM/mem[666]
	n5564
	CMEM/mem[454]
	CMEM/n715
	n5565
	CMEM/n716
	CMEM/mem[242]
	n5566
	CMEM/n717
	CMEM/mem[821]
	n5567
	CMEM/n718
	CMEM/mem[879]
	n5568
	CMEM/mem[2]
	CMEM/n3596
	n5569
	CMEM/n719
	CMEM/mem[667]
	n5570
	CMEM/n1470
	CMEM/mem[455]
	n5571
	CMEM/n720
	CMEM/mem[243]
	CMEM/n1196
	CMEM/mem[822]
	CMEM/n721
	CMEM/n1198
	CMEM/n722
	CMEM/mem[3]
	CMEM/n1754
	CMEM/n723
	CMEM/mem[610]
	CMEM/n3899
	CMEM/n724
	CMEM/mem[668]
	CMEM/n1260
	CMEM/mem[456]
	CMEM/n725
	CMEM/n3900
	CMEM/n726
	CMEM/mem[244]
	CMEM/n75
	CMEM/n727
	CMEM/mem[823]
	CMEM/n3964
	CMEM/n728
	CMEM/mem[4]
	CMEM/n1309
	CMEM/mem[611]
	CMEM/n729
	CMEM/n1331
	CMEM/n1482
	CMEM/mem[669]
	CMEM/n1361
	CMEM/n730
	CMEM/mem[457]
	CMEM/n1396
	CMEM/n731
	CMEM/mem[245]
	CMEM/n1397
	CMEM/mem[90]
	CMEM/n732
	CMEM/n2977
	CMEM/n733
	CMEM/mem[824]
	CMEM/n134
	CMEM/n3033
	CMEM/mem[5]
	CMEM/n139
	CMEM/n734
	CMEM/mem[612]
	CMEM/n144
	CMEM/mem[400]
	CMEM/n735
	CMEM/n145
	CMEM/n736
	CMEM/mem[458]
	CMEM/n150
	CMEM/n737
	CMEM/mem[246]
	CMEM/n152
	CMEM/n738
	CMEM/mem[91]
	CMEM/n155
	CMEM/mem[825]
	CMEM/n739
	CMEM/n156
	CMEM/n1492
	CMEM/mem[6]
	CMEM/n4024
	CMEM/n740
	CMEM/mem[613]
	CMEM/n1978
	CMEM/n741
	CMEM/mem[401]
	CMEM/n1402
	CMEM/mem[459]
	CMEM/n3041
	CMEM/n1980
	CMEM/n742
	CMEM/mem[247]
	CMEM/n1988
	CMEM/n3042
	CMEM/mem[92]
	CMEM/n1412
	CMEM/n743
	CMEM/mem[826]
	CMEM/n1991
	CMEM/mem[7]
	CMEM/n744
	CMEM/n1421
	CMEM/n745
	CMEM/mem[614]
	CMEM/n1432
	CMEM/n746
	CMEM/mem[402]
	CMEM/n1439
	CMEM/n3049
	CMEM/mem[980]
	CMEM/n1442
	CMEM/mem[248]
	CMEM/n3051
	CMEM/n1458
	CMEM/n3057
	CMEM/mem[93]
	CMEM/n1459
	CMEM/n3059
	CMEM/mem[827]
	CMEM/n1464
	CMEM/n3061
	CMEM/mem[8]
	CMEM/n3027
	CMEM/mem[615]
	CMEM/n763
	CMEM/n3028
	CMEM/n3063
	CMEM/mem[190]
	CMEM/n3029
	CMEM/n764
	CMEM/mem[403]
	CMEM/n3037
	CMEM/n765
	CMEM/mem[981]
	CMEM/n2
	CMEM/mem[249]
	CMEM/n766
	CMEM/n3
	CMEM/n767
	CMEM/mem[94]
	CMEM/n4
	CMEM/n768
	CMEM/mem[828]
	CMEM/n6
	CMEM/n769
	CMEM/mem[9]
	CMEM/n2057
	CMEM/mem[616]
	CMEM/n770
	CMEM/n3654
	CMEM/n771
	CMEM/mem[191]
	CMEM/n3655
	CMEM/n772
	CMEM/mem[404]
	CMEM/n1553
	CMEM/n773
	CMEM/mem[982]
	CMEM/n1554
	CMEM/mem[770]
	CMEM/n774
	CMEM/n1557
	CMEM/n775
	CMEM/mem[95]
	CMEM/n1559
	CMEM/n776
	CMEM/mem[829]
	CMEM/n1563
	CMEM/n777
	CMEM/mem[617]
	CMEM/n1585
	CMEM/mem[192]
	CMEM/n778
	CMEM/n1597
	CMEM/n200
	CMEM/mem[405]
	CMEM/n1599
	CMEM/n201
	CMEM/mem[983]
	CMEM/n4202
	CMEM/n202
	CMEM/mem[771]
	CMEM/n4203
	CMEM/mem[96]
	CMEM/n203
	CMEM/n4204
	CMEM/n204
	CMEM/mem[618]
	CMEM/n4205
	CMEM/n205
	CMEM/mem[193]
	CMEM/n4229
	CMEM/n206
	CMEM/mem[406]
	CMEM/n1611
	CMEM/mem[984]
	CMEM/n207
	CMEM/n1613
	CMEM/n208
	CMEM/mem[772]
	CMEM/n1619
	CMEM/n209
	CMEM/mem[560]
	CMEM/n3747
	CMEM/n2501
	CMEM/mem[97]
	CMEM/n1621
	CMEM/mem[619]
	CMEM/n2504
	CMEM/n1628
	CMEM/n2505
	CMEM/mem[194]
	CMEM/n1640
	CMEM/n2506
	CMEM/mem[407]
	CMEM/n3773
	CMEM/n2507
	CMEM/mem[985]
	CMEM/n1687
	CMEM/mem[773]
	CMEM/n210
	n2078
	CMEM/n211
	CMEM/mem[40]
	n2182
	CMEM/n2509
	CMEM/mem[561]
	n2189
	CMEM/n212
	CMEM/mem[98]
	n2271
	CMEM/mem[195]
	CMEM/n213
	n2272
	CMEM/n214
	CMEM/mem[408]
	n2273
	CMEM/n215
	CMEM/mem[986]
	n2278
	CMEM/n3093
	CMEM/mem[774]
	n2281
	CMEM/mem[41]
	CMEM/n216
	n2284
	CMEM/n217
	CMEM/mem[562]
	n2305
	CMEM/n218
	CMEM/mem[99]
	n2311
	CMEM/n219
	CMEM/mem[350]
	n2400
	CMEM/mem[196]
	CMEM/n2511
	n2406
	CMEM/n2513
	CMEM/mem[409]
	n2409
	CMEM/n2517
	CMEM/mem[987]
	n2422
	CMEM/n220
	CMEM/mem[775]
	n2423
	CMEM/mem[42]
	CMEM/n221
	n2424
	CMEM/n222
	CMEM/mem[563]
	n2425
	CMEM/n223
	n2429
	CMEM/n224
	CMEM/mem[351]
	n2430
	CMEM/mem[930]
	CMEM/n225
	n2431
	CMEM/n226
	CMEM/mem[197]
	n2432
	CMEM/n227
	CMEM/mem[988]
	n2433
	CMEM/n228
	CMEM/mem[776]
	n2434
	CMEM/mem[43]
	CMEM/n229
	n2469
	CMEM/n2521
	CMEM/mem[564]
	n2470
	CMEM/n2523
	n2471
	CMEM/n2524
	CMEM/mem[352]
	n2472
	CMEM/mem[140]
	CMEM/n2526
	n2478
	CMEM/n2527
	CMEM/mem[931]
	n2479
	CMEM/n230
	CMEM/mem[198]
	n2480
	CMEM/n231
	CMEM/mem[989]
	n2487
	CMEM/mem[777]
	CMEM/n232
	n2491
	CMEM/n233
	CMEM/mem[44]
	n2492
	CMEM/n234
	CMEM/mem[565]
	n2493
	CMEM/n2530
	n2528
	CMEM/mem[353]
	CMEM/n2531
	n2529
	CMEM/n2532
	CMEM/mem[141]
	n2530
	CMEM/n2536
	CMEM/mem[932]
	n2531
	CMEM/n2538
	CMEM/mem[199]
	n2559
	CMEM/mem[720]
	CMEM/n2540
	n2560
	CMEM/n2542
	CMEM/mem[778]
	n2561
	CMEM/n2543
	CMEM/mem[45]
	n2566
	CMEM/n2544
	CMEM/mem[566]
	n2567
	CMEM/n2545
	n2568
	CMEM/n2547
	CMEM/mem[354]
	n2569
	CMEM/n2548
	CMEM/mem[142]
	n2570
	CMEM/n251
	CMEM/mem[933]
	n2571
	CMEM/mem[721]
	CMEM/n252
	n2572
	CMEM/n253
	CMEM/mem[779]
	n2573
	CMEM/n254
	CMEM/mem[46]
	n2578
	CMEM/n255
	CMEM/mem[567]
	n2583
	CMEM/n256
	n2584
	CMEM/n257
	CMEM/mem[355]
	n2586
	CMEM/n258
	CMEM/mem[143]
	n2587
	CMEM/n259
	CMEM/mem[934]
	n2588
	CMEM/mem[722]
	CMEM/n2550
	n2589
	CMEM/n2552
	CMEM/mem[510]
	n2752
	CMEM/n2554
	CMEM/mem[47]
	n2764
	CMEM/n2555
	CMEM/mem[568]
	n2790
	CMEM/n2556
	n2793
	CMEM/n260
	CMEM/mem[356]
	n2829
	CMEM/n261
	CMEM/mem[144]
	n2842
	CMEM/n262
	CMEM/mem[935]
	n2860
	CMEM/mem[723]
	CMEM/n263
	n2864
	CMEM/n264
	CMEM/mem[511]
	n2925
	CMEM/n265
	CMEM/mem[48]
	n2943
	CMEM/n266
	CMEM/mem[569]
	n2961
	CMEM/n4103
	n2994
	CMEM/n4105
	CMEM/mem[357]
	n2998
	CMEM/n2561
	CMEM/mem[145]
	n3027
	CMEM/n2563
	CMEM/mem[936]
	n3058
	CMEM/mem[724]
	CMEM/n2565
	n3074
	CMEM/n2568
	CMEM/mem[512]
	n3108
	CMEM/n2570
	CMEM/mem[49]
	n3109
	CMEM/n2572
	n3163
	CMEM/mem[300]
	CMEM/n2575
	n3165
	CMEM/n2576
	CMEM/mem[358]
	n3184
	CMEM/n2578
	CMEM/mem[146]
	n3188
	CMEM/n2579
	CMEM/mem[937]
	n3231
	CMEM/mem[725]
	CMEM/n4124
	n3238
	CMEM/n2001
	CMEM/mem[513]
	n3239
	CMEM/n2002
	n3258
	CMEM/n2581
	CMEM/mem[301]
	n3264
	CMEM/mem[359]
	CMEM/n2004
	n3317
	CMEM/n2006
	CMEM/mem[147]
	n3344
	CMEM/n2584
	CMEM/mem[938]
	n3347
	CMEM/n2009
	CMEM/mem[726]
	n3350
	CMEM/mem[514]
	CMEM/n2587
	n3374
	CMEM/n4137
	n3389
	CMEM/n2010
	CMEM/mem[302]
	n3429
	CMEM/n2011
	CMEM/mem[880]
	n3438
	CMEM/mem[148]
	CMEM/n4139
	n3453
	CMEM/n2590
	CMEM/mem[939]
	n3481
	CMEM/n2013
	CMEM/mem[727]
	n3492
	CMEM/n2014
	CMEM/mem[515]
	n3541
	CMEM/mem[303]
	CMEM/n2592
	n3587
	CMEM/n2016
	CMEM/mem[881]
	n3593
	CMEM/n2594
	CMEM/mem[149]
	n3605
	CMEM/n2017
	CMEM/mem[728]
	n3613
	CMEM/mem[516]
	CMEM/n2596
	n3656
	CMEM/n2599
	CMEM/mem[304]
	n3663
	CMEM/n2020
	CMEM/mem[882]
	n3665
	CMEM/n4149
	CMEM/mem[670]
	n3667
	CMEM/mem[729]
	CMEM/n2022
	n3669
	CMEM/n2023
	CMEM/mem[517]
	n3672
	CMEM/n2024
	CMEM/mem[305]
	n3674
	CMEM/n2028
	CMEM/mem[883]
	n3684
	CMEM/mem[671]
	CMEM/n4150
	n3685
	CMEM/n2032
	CMEM/mem[518]
	n3688
	CMEM/n2034
	CMEM/mem[306]
	n3697
	CMEM/n2036
	CMEM/mem[884]
	n3704
	CMEM/mem[672]
	CMEM/n2038
	n3705
	CMEM/n2039
	CMEM/mem[460]
	n3721
	CMEM/n2044
	CMEM/mem[519]
	n3737
	CMEM/n2045
	CMEM/mem[307]
	n3748
	CMEM/mem[885]
	CMEM/n2049
	n3749
	CMEM/n4172
	CMEM/mem[673]
	n3776
	CMEM/n4174
	CMEM/mem[461]
	n3881
	CMEM/n2051
	CMEM/mem[308]
	n3886
	CMEM/mem[886]
	CMEM/n2053
	n3888
	CMEM/n2055
	CMEM/mem[674]
	n3894
	CMEM/n2058
	CMEM/mem[462]
	n3903
	CMEM/n2060
	CMEM/mem[250]
	n3907
	CMEM/mem[309]
	CMEM/n2062
	n3917
	CMEM/n2065
	CMEM/mem[887]
	n3923
	CMEM/n2067
	CMEM/mem[675]
	n3932
	CMEM/n2069
	CMEM/mem[463]
	n3935
	CMEM/mem[251]
	CMEM/n3606
	n3943
	CMEM/n3609
	CMEM/mem[830]
	n3947
	CMEM/n4196
	CMEM/mem[888]
	n3953
	CMEM/n4197
	CMEM/mem[676]
	n3971
	CMEM/mem[464]
	CMEM/n2072
	n3979
	CMEM/n2073
	CMEM/mem[252]
	n3991
	CMEM/n2074
	CMEM/mem[831]
	n4183
	CMEM/n2076
	CMEM/mem[889]
	n4186
	CMEM/mem[677]
	CMEM/n2079
	n4187
	CMEM/n3610
	CMEM/mem[465]
	n4189
	CMEM/n3614
	CMEM/mem[253]
	n4202
	CMEM/n3619
	CMEM/mem[832]
	n4204
	CMEM/mem[620]
	CMEM/n2080
	n4211
	CMEM/n2081
	CMEM/mem[678]
	n4225
	CMEM/n2082
	CMEM/mem[466]
	n4232
	CMEM/n2083
	CMEM/mem[254]
	n4238
	CMEM/mem[833]
	CMEM/n2085
	n4253
	CMEM/n2088
	CMEM/mem[621]
	n4264
	CMEM/n2089
	CMEM/mem[679]
	n4278
	CMEM/n3624
	CMEM/mem[467]
	n4285
	CMEM/mem[255]
	CMEM/n3627
	n4292
	CMEM/n3629
	CMEM/mem[834]
	n4302
	CMEM/n1504
	CMEM/mem[622]
	n4310
	CMEM/n1506
	CMEM/mem[410]
	n4321
	CMEM/mem[468]
	CMEM/n2094
	n4334
	CMEM/n2096
	CMEM/mem[256]
	n4350
	CMEM/n2098
	CMEM/mem[835]
	n4364
	CMEM/n3631
	n4376
	CMEM/mem[623]
	CMEM/n3634
	n4391
	CMEM/n3637
	CMEM/mem[411]
	n4411
	CMEM/n1515
	CMEM/mem[469]
	n4418
	CMEM/n1516
	CMEM/mem[257]
	n4433
	CMEM/mem[836]
	CMEM/n3640
	n4442
	CMEM/n3643
	CMEM/mem[1000]
	n4471
	CMEM/n3644
	n4498
	CMEM/n3647
	CMEM/mem[624]
	n4517
	CMEM/mem[412]
	CMEM/n1526
	n4566
	CMEM/n1528
	CMEM/mem[990]
	n4590
	CMEM/n3656
	CMEM/mem[200]
	n4601
	CMEM/n1537
	CMEM/mem[258]
	n4806
	CMEM/mem[837]
	CMEM/n1538
	n4853
	CMEM/n3661
	CMEM/mem[1001]
	n4890
	CMEM/n3668
	n5285
	CMEM/n1550
	CMEM/mem[625]
	n5317
	CMEM/mem[413]
	CMEM/n1551
	n5572
	CMEM/n1558
	CMEM/mem[991]
	n5573
	CMEM/n3100
	CMEM/mem[201]
	n5574
	CMEM/n3681
	CMEM/mem[259]
	n5575
	CMEM/mem[838]
	CMEM/n3686
	n5576
	CMEM/n1562
	CMEM/mem[1002]
	n5577
	CMEM/n1564
	CMEM/mem[626]
	n5578
	CMEM/n1567
	CMEM/mem[414]
	n5579
	CMEM/mem[992]
	CMEM/n1569
	n5580
	CMEM/n3110
	CMEM/mem[202]
	n5581
	CMEM/n3691
	CMEM/mem[780]
	n5582
	CMEM/n3115
	CMEM/mem[839]
	n5583
	CMEM/mem[1003]
	CMEM/n1570
	n5584
	CMEM/n1572
	n5585
	CMEM/n1573
	CMEM/mem[627]
	n5586
	CMEM/n1574
	CMEM/mem[415]
	n5587
	CMEM/mem[993]
	CMEM/n1576
	n5620
	CMEM/n1577
	CMEM/mem[203]
	n5621
	CMEM/n1578
	CMEM/mem[781]
	n5622
	CMEM/n3120
	CMEM/mem[1004]
	n5623
	CMEM/mem[628]
	CMEM/n3123
	n5624
	CMEM/n3128
	CMEM/mem[416]
	n5625
	CMEM/n1581
	CMEM/mem[994]
	n5626
	CMEM/n1589
	CMEM/mem[204]
	n5627
	CMEM/mem[782]
	CMEM/n3136
	n5628
	CMEM/n1590
	CMEM/mem[570]
	n5629
	CMEM/n1591
	CMEM/mem[1005]
	n5630
	CMEM/n1592
	CMEM/mem[629]
	n5631
	CMEM/mem[417]
	CMEM/n1593
	n5632
	CMEM/n1596
	CMEM/mem[995]
	n5633
	CMEM/n1598
	CMEM/mem[205]
	n5634
	CMEM/n3141
	CMEM/mem[783]
	n5635
	CMEM/mem[50]
	CMEM/n3149
	n5652
	CMEM/n3161
	CMEM/mem[571]
	n5653
	CMEM/n3166
	CMEM/mem[1006]
	n5654
	CMEM/n3179
	CMEM/mem[418]
	n5655
	CMEM/mem[996]
	CMEM/n2602
	n5656
	CMEM/n2605
	CMEM/mem[206]
	n5657
	CMEM/n2607
	CMEM/mem[784]
	n5658
	CMEM/n2609
	CMEM/mem[51]
	n5659
	CMEM/mem[572]
	CMEM/n3196
	n5660
	CMEM/n2612
	CMEM/mem[1007]
	n5661
	CMEM/n2614
	CMEM/mem[360]
	n5662
	CMEM/n2617
	CMEM/mem[419]
	n5663
	CMEM/mem[997]
	CMEM/n2618
	n5664
	CMEM/n2621
	CMEM/mem[207]
	n5665
	CMEM/n2625
	CMEM/mem[785]
	n5666
	CMEM/n2627
	CMEM/mem[52]
	n5667
	CMEM/mem[573]
	CMEM/n2629
	CMEM/n4302
	CMEM/n2631
	CMEM/mem[1008]
	CMEM/n4303
	CMEM/n2634
	CMEM/mem[361]
	CMEM/n4306
	CMEM/n2637
	CMEM/mem[940]
	CMEM/n2776
	CMEM/mem[998]
	CMEM/n2638
	CMEM/n4323
	CMEM/n2639
	CMEM/mem[208]
	CMEM/n2216
	CMEM/n2641
	CMEM/mem[786]
	CMEM/n4345
	CMEM/n2643
	CMEM/mem[53]
	CMEM/n4347
	CMEM/mem[574]
	CMEM/n2645
	CMEM/n4348
	CMEM/n2646
	CMEM/mem[1009]
	CMEM/n4349
	CMEM/n2648
	CMEM/mem[362]
	CMEM/n4357
	CMEM/n2650
	CMEM/mem[150]
	CMEM/n2232
	CMEM/mem[941]
	CMEM/n2652
	CMEM/n2234
	CMEM/n2654
	CMEM/mem[999]
	CMEM/n4368
	CMEM/n2656
	CMEM/mem[209]
	CMEM/n4378
	CMEM/n2660
	CMEM/mem[787]
	CMEM/n2269
	CMEM/mem[54]
	CMEM/n2662
	CMEM/n2278
	CMEM/n2663
	CMEM/mem[575]
	CMEM/n2284
	CMEM/n2664
	CMEM/mem[363]
	CMEM/n2286
	CMEM/n2665
	CMEM/mem[151]
	CMEM/n1705
	CMEM/mem[942]
	CMEM/n2669
	CMEM/n1707
	CMEM/n4215
	CMEM/mem[730]
	CMEM/n1709
	CMEM/n4218
	CMEM/mem[788]
	CMEM/n1711
	CMEM/n2674
	CMEM/mem[55]
	CMEM/n3839
	CMEM/mem[576]
	CMEM/n2676
	CMEM/n1722
	CMEM/n2677
	CMEM/mem[364]
	CMEM/n1724
	CMEM/n2679
	CMEM/mem[152]
	CMEM/n3851
	CMEM/n2101
	CMEM/mem[943]
	CMEM/n1733
	CMEM/mem[731]
	CMEM/n2681
	CMEM/n1736
	CMEM/n2682
	CMEM/mem[789]
	CMEM/n1738
	CMEM/n2683
	CMEM/mem[56]
	CMEM/n1740
	CMEM/n2107
	CMEM/mem[577]
	CMEM/n1745
	CMEM/mem[365]
	CMEM/n2685
	CMEM/n3303
	CMEM/n2108
	CMEM/mem[153]
	CMEM/n3886
	CMEM/n2688
	CMEM/mem[944]
	CMEM/n3310
	CMEM/n2110
	CMEM/mem[732]
	CMEM/n3311
	CMEM/mem[520]
	CMEM/n4239
	CMEM/n3898
	CMEM/n2112
	CMEM/mem[57]
	CMEM/n1222
	CMEM/n2113
	CMEM/mem[578]
	CMEM/n1224
	CMEM/n2115
	CMEM/mem[366]
	CMEM/n1225
	CMEM/mem[154]
	CMEM/n2117
	CMEM/n1230
	CMEM/n2120
	CMEM/mem[945]
	CMEM/n1231
	CMEM/n2123
	CMEM/mem[733]
	CMEM/n1232
	CMEM/n2124
	CMEM/mem[521]
	CMEM/n1244
	CMEM/mem[58]
	CMEM/n2126
	CMEM/n1245
	CMEM/n2128
	CMEM/mem[579]
	CMEM/n1246
	CMEM/n4256
	CMEM/mem[367]
	CMEM/n1262
	CMEM/n2132
	CMEM/mem[155]
	CMEM/n1263
	CMEM/mem[946]
	CMEM/n2133
	CMEM/n1276
	CMEM/n2134
	CMEM/mem[734]
	CMEM/n1277
	CMEM/n2135
	CMEM/mem[522]
	CMEM/n1278
	CMEM/n2136
	CMEM/mem[59]
	CMEM/n1281
	CMEM/mem[310]
	CMEM/n2137
	CMEM/n1282
	CMEM/n2140
	CMEM/mem[368]
	CMEM/n1285
	CMEM/n2142
	CMEM/mem[156]
	CMEM/n1288
	CMEM/n2143
	CMEM/mem[947]
	CMEM/n1289
	CMEM/mem[735]
	CMEM/n2145
	CMEM/n2316
	CMEM/n2146
	CMEM/mem[523]
	CMEM/n2321
	CMEM/n2148
	CMEM/mem[311]
	CMEM/n24
	CMEM/n4270
	CMEM/mem[369]
	CMEM/n26
	CMEM/mem[157]
	CMEM/n4271
	CMEM/n27
	CMEM/n2153
	CMEM/mem[948]
	CMEM/n28
	CMEM/n2154
	CMEM/mem[736]
	CMEM/n29
	CMEM/n2155
	CMEM/mem[524]
	CMEM/n2356
	CMEM/mem[312]
	CMEM/n2156
	CMEM/n2366
	CMEM/n2158
	CMEM/mem[890]
	CMEM/n52
	CMEM/n4287
	CMEM/mem[100]
	CMEM/n2373
	CMEM/n2160
	CMEM/mem[158]
	CMEM/n76
	CMEM/mem[949]
	CMEM/n2161
	CMEM/n77
	CMEM/n2162
	CMEM/mem[737]
	CMEM/n78
	CMEM/n2163
	CMEM/mem[525]
	CMEM/n89
	CMEM/n4290
	CMEM/mem[313]
	CMEM/n90
	CMEM/mem[891]
	CMEM/n2175
	CMEM/n98
	CMEM/n3710
	CMEM/mem[101]
	CMEM/n99
	CMEM/n3715
	CMEM/mem[159]
	CMEM/n1823
	CMEM/n2181
	CMEM/mem[738]
	CMEM/n1826
	CMEM/mem[526]
	CMEM/n2184
	CMEM/n1830
	CMEM/n2186
	CMEM/mem[314]
	CMEM/n1832
	CMEM/n3720
	CMEM/mem[892]
	CMEM/n1853
	CMEM/n1600
	CMEM/mem[102]
	CMEM/n1310
	CMEM/mem[680]
	CMEM/n1604
	CMEM/n3438
	CMEM/n1607
	CMEM/mem[739]
	CMEM/n3451
	CMEM/n2199
	CMEM/mem[527]
	CMEM/n1398
	CMEM/n3732
	CMEM/mem[315]
	CMEM/n104
	CMEM/mem[893]
	CMEM/n1610
	CMEM/n110
	CMEM/n3737
	CMEM/mem[103]
	CMEM/n116
	CMEM/n1612
	CMEM/mem[681]
	CMEM/n117
	CMEM/n1614
	CMEM/mem[528]
	CMEM/n122
	CMEM/mem[316]
	CMEM/n1616
	CMEM/n127
	CMEM/n1617
	CMEM/mem[894]
	CMEM/n128
	CMEM/n3742
	CMEM/mem[104]
	CMEM/n138
	CMEM/n1622
	CMEM/mem[682]
	CMEM/n141
	CMEM/mem[470]
	CMEM/n1629
	CMEM/n143
	CMEM/n1631
	CMEM/mem[529]
	CMEM/n151
	CMEM/n3758
	CMEM/mem[317]
	CMEM/n157
	CMEM/n1633
	CMEM/mem[895]
	CMEM/n158
	CMEM/mem[105]
	CMEM/n1634
	CMEM/n159
	CMEM/n1636
	CMEM/mem[683]
	CMEM/n160
	CMEM/n1639
	CMEM/mem[471]
	CMEM/n170
	CMEM/n3763
	CMEM/mem[318]
	CMEM/n4010
	CMEM/mem[896]
	CMEM/n1641
	CMEM/n4011
	CMEM/n3768
	CMEM/mem[106]
	CMEM/n4017
	CMEM/n1642
	CMEM/mem[684]
	CMEM/n1919
	CMEM/n1643
	CMEM/mem[472]
	CMEM/n1922
	CMEM/mem[260]
	CMEM/n1650
	CMEM/n1924
	CMEM/n1652
	CMEM/mem[319]
	CMEM/n1926
	CMEM/n1654
	CMEM/mem[897]
	CMEM/n1929
	CMEM/n1655
	CMEM/mem[107]
	CMEM/n1935
	CMEM/mem[685]
	CMEM/n1657
	CMEM/n1937
	CMEM/n3201
	CMEM/mem[473]
	CMEM/n1405
	CMEM/n3204
	CMEM/mem[261]
	CMEM/n1406
	CMEM/n3206
	CMEM/mem[840]
	CMEM/n1410
	CMEM/mem[898]
	CMEM/n1660
	CMEM/n1414
	CMEM/n1661
	CMEM/mem[108]
	CMEM/n1415
	CMEM/n1664
	CMEM/mem[686]
	CMEM/n1417
	CMEM/n3210
	CMEM/mem[474]
	CMEM/n1418
	CMEM/mem[262]
	CMEM/n3790
	CMEM/n1422
	CMEM/n3218
	CMEM/mem[841]
	CMEM/n1423
	CMEM/n3225
	CMEM/mem[899]
	CMEM/n1424
	CMEM/n3233
	CMEM/mem[109]
	CMEM/n1431
	CMEM/mem[687]
	CMEM/n3235
	CMEM/n1435
	CMEM/n3237
	CMEM/mem[475]
	CMEM/n1436
	CMEM/n1690
	CMEM/mem[263]
	CMEM/n1438
	CMEM/n1692
	CMEM/mem[842]
	CMEM/n1440
	CMEM/mem[630]
	CMEM/n1694
	CMEM/n3003
	CMEM/n1697
	CMEM/mem[688]
	CMEM/n3012
	CMEM/n1698
	CMEM/mem[476]
	CMEM/n3024
	CMEM/n1699
	CMEM/mem[264]
	CMEM/n3032
	CMEM/mem[843]
	CMEM/n3246
	CMEM/n3040
	CMEM/n3248
	CMEM/mem[631]
	CMEM/n3044
	CMEM/n3250
	CMEM/mem[689]
	CMEM/n3050
	CMEM/n3260
	CMEM/mem[477]
	CMEM/n4140
	CMEM/mem[265]
	CMEM/n3263
	CMEM/n4158
	CMEM/n3265
	CMEM/mem[844]
	CMEM/n2092
	CMEM/n3275
	CMEM/mem[632]
	CMEM/n3662
	CMEM/n3276
	CMEM/mem[420]
	CMEM/n4210
	CMEM/mem[478]
	CMEM/n3278
	CMEM/n4214
	CMEM/n3280
	CMEM/mem[266]
	CMEM/n4219
	CMEM/n3283
	CMEM/mem[845]
	CMEM/n4220
	CMEM/n3285
	CMEM/mem[633]
	CMEM/n4221
	CMEM/mem[421]
	CMEM/n3287
	CMEM/n4223
	CMEM/n3290
	CMEM/mem[479]
	CMEM/n4228
	CMEM/n3293
	CMEM/mem[267]
	CMEM/n4243
	CMEM/n3296
	CMEM/mem[846]
	CMEM/n4274
	CMEM/mem[1010]
	n2367
	CMEM/n4276
	CMEM/mem[634]
	n2451
	CMEM/n4277
	CMEM/mem[422]
	n2461
	CMEM/n4278
	CMEM/mem[210]
	n2462
	CMEM/n2183
	CMEM/mem[268]
	n2463
	CMEM/n3776
	CMEM/mem[847]
	n2900
	CMEM/n1659
	CMEM/mem[1011]
	n2901
	CMEM/n3796
	CMEM/mem[635]
	n2902
	n2014
	CMEM/mem[423]
	n2903
	n2015
	CMEM/mem[211]
	n2915
	n2018
	CMEM/mem[269]
	n2916
	n2019
	CMEM/mem[848]
	n2952
	n2021
	CMEM/mem[1012]
	n2953
	n2029
	CMEM/mem[636]
	n2954
	n2101
	CMEM/mem[424]
	n3010
	n2180
	CMEM/mem[212]
	n3011
	n2183
	CMEM/mem[790]
	n3069
	n2184
	CMEM/mem[849]
	n3070
	n2185
	CMEM/mem[1013]
	n3120
	n2186
	CMEM/mem[637]
	n3143
	n2187
	CMEM/mem[425]
	n3144
	n2190
	CMEM/mem[213]
	n3145
	n2191
	CMEM/mem[791]
	n3172
	n2208
	CMEM/mem[1014]
	n3173
	n2233
	CMEM/mem[638]
	n3174
	n2274
	CMEM/mem[426]
	n3191
	n2279
	CMEM/mem[214]
	n3227
	n2280
	CMEM/mem[792]
	n3228
	n2282
	CMEM/mem[580]
	n3229
	n2283
	CMEM/mem[1015]
	n3283
	n2285
	CMEM/mem[639]
	n3336
	n2286
	CMEM/mem[427]
	n3396
	n2295
	CMEM/mem[215]
	n3400
	n2306
	CMEM/mem[793]
	n3463
	n2335
	CMEM/mem[60]
	n3488
	n2377
	CMEM/mem[581]
	n3490
	n2407
	CMEM/mem[1016]
	n3522
	n2408
	CMEM/mem[428]
	n3536
	n2419
	CMEM/mem[216]
	n3537
	n2473
	CMEM/mem[794]
	n3582
	n2474
	CMEM/mem[61]
	n3583
	n2481
	CMEM/mem[582]
	n3584
	n2482
	CMEM/mem[1017]
	n3616
	n2483
	CMEM/mem[370]
	n3617
	n2484
	CMEM/mem[429]
	n3618
	n2488
	CMEM/mem[217]
	n3651
	n2541
	CMEM/mem[795]
	n3652
	n2542
	CMEM/mem[62]
	n3790
	n2544
	CMEM/mem[583]
	n3791
	n2579
	CMEM/mem[1018]
	n3792
	n2580
	CMEM/mem[371]
	n5289
	n2581
	CMEM/mem[950]
	CMEM/n430
	n2590
	CMEM/mem[218]
	CMEM/n431
	n2592
	CMEM/mem[796]
	CMEM/n432
	n2593
	CMEM/mem[63]
	CMEM/n433
	n2604
	CMEM/mem[584]
	CMEM/n434
	n2724
	CMEM/mem[1019]
	CMEM/n435
	n2771
	CMEM/mem[372]
	CMEM/n436
	n2830
	CMEM/mem[160]
	CMEM/n437
	n2850
	CMEM/mem[951]
	CMEM/n438
	n2858
	CMEM/mem[219]
	CMEM/n439
	n2859
	CMEM/mem[797]
	CMEM/n1190
	n2865
	CMEM/mem[64]
	CMEM/n1191
	n2872
	CMEM/mem[585]
	CMEM/n1192
	n2873
	CMEM/mem[373]
	CMEM/n1193
	n2878
	CMEM/mem[161]
	CMEM/n1194
	n2887
	CMEM/mem[952]
	CMEM/n2732
	n2889
	CMEM/mem[740]
	CMEM/n440
	n2891
	CMEM/mem[798]
	CMEM/n441
	n2895
	CMEM/mem[65]
	CMEM/n442
	n2907
	CMEM/mem[586]
	CMEM/n443
	n2920
	CMEM/mem[374]
	CMEM/n444
	n2922
	CMEM/mem[162]
	CMEM/n445
	n2929
	CMEM/mem[953]
	CMEM/n446
	n2932
	CMEM/mem[741]
	CMEM/n447
	n2936
	CMEM/mem[799]
	CMEM/n448
	n2945
	CMEM/mem[66]
	CMEM/n449
	n2967
	CMEM/mem[587]
	CMEM/n2742
	n2972
	CMEM/mem[375]
	CMEM/n2745
	n2975
	CMEM/mem[163]
	CMEM/n450
	n2978
	CMEM/mem[954]
	CMEM/n451
	n2985
	CMEM/mem[742]
	CMEM/n452
	n2988
	CMEM/mem[530]
	CMEM/n453
	n2991
	CMEM/mem[67]
	CMEM/n454
	n2993
	CMEM/mem[588]
	CMEM/n455
	n2999
	CMEM/mem[376]
	CMEM/n456
	n3001
	CMEM/mem[164]
	CMEM/n457
	n3003
	CMEM/mem[955]
	CMEM/n458
	n3014
	CMEM/mem[743]
	CMEM/n459
	n3015
	CMEM/mem[10]
	CMEM/n2752
	n3019
	CMEM/mem[531]
	CMEM/n2754
	n3031
	CMEM/mem[68]
	CMEM/n460
	n3038
	CMEM/mem[589]
	CMEM/n461
	n3044
	CMEM/mem[377]
	CMEM/n2759
	n3047
	CMEM/mem[165]
	CMEM/n462
	n3051
	CMEM/mem[956]
	CMEM/n463
	n3053
	CMEM/mem[744]
	CMEM/n464
	n3056
	CMEM/mem[11]
	CMEM/n465
	n3057
	CMEM/mem[532]
	CMEM/n466
	n3060
	CMEM/mem[69]
	CMEM/n467
	n3062
	CMEM/mem[320]
	CMEM/n468
	n3073
	CMEM/mem[378]
	CMEM/n469
	n3085
	CMEM/mem[166]
	CMEM/n2762
	n3090
	CMEM/mem[957]
	CMEM/n2765
	n3095
	CMEM/mem[745]
	CMEM/n470
	n3098
	CMEM/mem[12]
	CMEM/n471
	n3100
	CMEM/mem[533]
	CMEM/n472
	n3111
	CMEM/mem[321]
	CMEM/n473
	n3124
	CMEM/mem[379]
	CMEM/n474
	n3126
	CMEM/mem[900]
	CMEM/n475
	n3134
	CMEM/mem[167]
	CMEM/n476
	n3147
	CMEM/mem[958]
	CMEM/n477
	n3155
	CMEM/mem[746]
	CMEM/n478
	n3160
	CMEM/mem[13]
	CMEM/n479
	n3164
	CMEM/mem[534]
	CMEM/n4315
	n3177
	CMEM/mem[322]
	CMEM/n2772
	n3178
	CMEM/mem[110]
	CMEM/n2773
	n3181
	CMEM/mem[901]
	CMEM/n2774
	n3200
	CMEM/mem[168]
	CMEM/n480
	n3204
	CMEM/mem[959]
	CMEM/n481
	n3207
	CMEM/mem[747]
	CMEM/n482
	n3215
	CMEM/mem[14]
	CMEM/n483
	n3219
	CMEM/mem[535]
	CMEM/n484
	n3220
	CMEM/mem[323]
	CMEM/n485
	n3223
	CMEM/mem[111]
	CMEM/n486
	n3232
	CMEM/mem[902]
	CMEM/n487
	n3248
	CMEM/mem[169]
	CMEM/n488
	n3250
	CMEM/mem[748]
	CMEM/n489
	n3253
	CMEM/mem[15]
	CMEM/n2783
	n3257
	CMEM/mem[536]
	CMEM/n2208
	n3268
	CMEM/mem[324]
	CMEM/n490
	n3270
	CMEM/mem[112]
	CMEM/n2210
	n3272
	CMEM/mem[690]
	CMEM/n2212
	n3274
	CMEM/mem[903]
	CMEM/n2214
	n3276
	CMEM/mem[749]
	CMEM/n4344
	n3286
	CMEM/mem[16]
	CMEM/n2220
	n3291
	CMEM/mem[537]
	CMEM/n2222
	n3296
	CMEM/mem[325]
	CMEM/n2227
	n3298
	CMEM/mem[113]
	CMEM/n2229
	n3300
	CMEM/mem[691]
	CMEM/n2244
	n3302
	CMEM/mem[904]
	CMEM/n2245
	n3304
	CMEM/mem[17]
	CMEM/n2247
	n3323
	CMEM/mem[538]
	CMEM/n2252
	n3325
	CMEM/mem[326]
	CMEM/n4387
	n3351
	CMEM/mem[114]
	CMEM/n3811
	n3357
	CMEM/mem[692]
	CMEM/n3824
	n3358
	CMEM/mem[905]
	CMEM/n1701
	n3370
	CMEM/mem[480]
	CMEM/n1702
	n3373
	CMEM/mem[18]
	CMEM/n1704
	n3380
	CMEM/mem[539]
	CMEM/n3831
	n3387
	CMEM/mem[327]
	CMEM/n1714
	n3388
	CMEM/mem[115]
	CMEM/n1715
	n3390
	CMEM/mem[693]
	CMEM/n1716
	n3392
	CMEM/mem[906]
	CMEM/n1718
	n3401
	CMEM/mem[481]
	CMEM/n1720
	n3410
	CMEM/mem[19]
	CMEM/n3858
	n3421
	CMEM/mem[328]
	CMEM/n3876
	n3430
	CMEM/mem[116]
	CMEM/n3312
	n3432
	CMEM/mem[694]
	CMEM/n3314
	n3435
	CMEM/mem[907]
	CMEM/n3892
	n3437
	CMEM/mem[482]
	CMEM/n3315
	n3441
	CMEM/mem[270]
	CMEM/n3317
	n3452
	CMEM/mem[329]
	CMEM/n3319
	n3466
	CMEM/mem[117]
	CMEM/n3897
	n3467
	CMEM/mem[695]
	CMEM/n3321
	n3472
	CMEM/mem[908]
	CMEM/n3324
	n3477
	CMEM/mem[483]
	CMEM/n3326
	n3478
	CMEM/mem[271]
	CMEM/n3337
	n3484
	CMEM/mem[850]
	CMEM/n1799
	n3485
	CMEM/mem[118]
	CMEM/n3341
	n3491
	CMEM/mem[696]
	CMEM/n3351
	n3502
	CMEM/mem[909]
	CMEM/n3354
	n3507
	CMEM/mem[484]
	CMEM/n3356
	n3510
	CMEM/mem[272]
	CMEM/n3359
	n3516
	CMEM/mem[851]
	CMEM/n3362
	n3527
	CMEM/mem[119]
	CMEM/n3365
	n3544
	CMEM/mem[697]
	CMEM/n3368
	n3545
	CMEM/mem[485]
	CMEM/n3371
	n3548
	CMEM/mem[273]
	CMEM/n507
	n3553
	CMEM/mem[852]
	CMEM/n508
	n3559
	CMEM/mem[640]
	CMEM/n509
	n3567
	CMEM/mem[698]
	CMEM/n3389
	n3570
	CMEM/mem[486]
	CMEM/n510
	n3573
	CMEM/mem[274]
	CMEM/n511
	n3590
	CMEM/mem[853]
	CMEM/n512
	n3591
	CMEM/mem[641]
	CMEM/n513
	n3594
	CMEM/mem[699]
	CMEM/n514
	n3598
	CMEM/mem[487]
	CMEM/n3392
	n3600
	CMEM/mem[275]
	CMEM/n515
	n3604
	CMEM/mem[854]
	CMEM/n516
	n3612
	CMEM/mem[642]
	CMEM/n517
	n3634
	CMEM/mem[430]
	CMEM/n3395
	n3637
	CMEM/mem[488]
	CMEM/n518
	n3641
	CMEM/mem[276]
	CMEM/n519
	n3643
	CMEM/mem[855]
	CMEM/n3398
	n3661
	CMEM/mem[643]
	CMEM/n520
	n3666
	CMEM/mem[431]
	CMEM/n521
	n3677
	CMEM/mem[489]
	CMEM/n522
	n3678
	CMEM/mem[277]
	CMEM/n523
	n3693
	CMEM/mem[856]
	CMEM/n524
	n3694
	CMEM/mem[1020]
	CMEM/n525
	n3709
	CMEM/mem[644]
	CMEM/n526
	n3710
	CMEM/mem[432]
	CMEM/n527
	n3722
	CMEM/mem[220]
	CMEM/n528
	n3724
	CMEM/mem[278]
	CMEM/n529
	n3730
	CMEM/mem[857]
	CMEM/n2820
	n3736
	CMEM/mem[1021]
	CMEM/n530
	n3751
	CMEM/mem[645]
	CMEM/n531
	n3754
	CMEM/mem[433]
	CMEM/n532
	n3759
	CMEM/mem[221]
	CMEM/n533
	n3763
	CMEM/mem[279]
	CMEM/n534
	n3777
	CMEM/mem[800]
	CMEM/n535
	n4182
	CMEM/mem[858]
	CMEM/n536
	n4196
	CMEM/mem[1022]
	CMEM/n537
	n4203
	CMEM/mem[646]
	CMEM/n538
	n4212
	CMEM/mem[434]
	CMEM/n539
	n4233
	CMEM/mem[222]
	CMEM/n2832
	n4239
	CMEM/mem[801]
	CMEM/n2833
	n4279
	CMEM/mem[859]
	CMEM/n2834
	n4286
	CMEM/mem[1023]
	CMEM/n540
	n4293
	CMEM/mem[647]
	CMEM/n541
	n4303
	CMEM/mem[435]
	CMEM/n542
	n4311
	CMEM/mem[223]
	CMEM/n543
	n4322
	CMEM/mem[802]
	CMEM/n544
	n4335
	CMEM/mem[648]
	CMEM/n545
	n4351
	CMEM/mem[436]
	CMEM/n546
	n4365
	CMEM/mem[224]
	CMEM/n547
	n4377
	CMEM/mem[590]
	CMEM/n548
	n4392
	CMEM/mem[803]
	CMEM/n549
	n4412
	CMEM/mem[649]
	CMEM/n2843
	n4419
	CMEM/mem[437]
	CMEM/n2844
	n4434
	CMEM/mem[225]
	CMEM/n2845
	n4443
	CMEM/mem[70]
	CMEM/n550
	n4470
	CMEM/mem[591]
	CMEM/n2848
	n4569
	CMEM/mem[804]
	CMEM/n551
	n4602
	CMEM/mem[438]
	CMEM/n2849
	n4619
	CMEM/mem[226]
	CMEM/n552
	n4684
	CMEM/mem[71]
	CMEM/n553
	n4711
	CMEM/mem[592]
	CMEM/n554
	n4736
	CMEM/mem[805]
	CMEM/n555
	n4747
	CMEM/mem[380]
	CMEM/n556
	n4753
	CMEM/mem[439]
	CMEM/n557
	n4762
	CMEM/mem[227]
	CMEM/n558
	n4795
	CMEM/mem[72]
	CMEM/n559
	n4807
	CMEM/mem[593]
	CMEM/n2850
	n4880
	CMEM/mem[806]
	CMEM/n2852
	n4896
	CMEM/mem[381]
	CMEM/n2853
	n5315
	CMEM/mem[960]
	CMEM/n2855
	n5322
	CMEM/mem[228]
	CMEM/n2857
	n5328
	CMEM/mem[73]
	CMEM/n560
	CMEM/n4304
	CMEM/mem[594]
	CMEM/n561
	CMEM/n4305
	CMEM/mem[807]
	CMEM/n2859
	CMEM/n4307
	CMEM/mem[382]
	CMEM/n562
	CMEM/n4320
	CMEM/mem[170]
	CMEM/n563
	CMEM/n2207
	CMEM/mem[961]
	CMEM/n564
	CMEM/n4331
	CMEM/mem[229]
	CMEM/n565
	CMEM/n2211
	CMEM/mem[74]
	CMEM/n566
	CMEM/n2218
	CMEM/mem[595]
	CMEM/n567
	CMEM/n4346
	CMEM/mem[808]
	CMEM/n568
	CMEM/n4350
	CMEM/mem[383]
	CMEM/n569
	CMEM/n4352
	CMEM/mem[171]
	CMEM/n2861
	CMEM/n4359
	CMEM/mem[962]
	CMEM/n570
	CMEM/n4366
	CMEM/mem[750]
	CMEM/n571
	CMEM/n4367
	CMEM/mem[75]
	CMEM/n572
	CMEM/n4376
	CMEM/mem[596]
	CMEM/n573
	CMEM/n4377
	CMEM/mem[809]
	CMEM/n574
	CMEM/n3804
	CMEM/mem[384]
	CMEM/n575
	CMEM/n2289
	CMEM/mem[172]
	CMEM/n576
	CMEM/n1703
	CMEM/mem[963]
	CMEM/n577
	CMEM/n1713
	CMEM/mem[751]
	CMEM/n578
	CMEM/n1719
	CMEM/mem[76]
	CMEM/n579
	CMEM/n3841
	CMEM/mem[597]
	CMEM/n580
	CMEM/n3843
	CMEM/mem[385]
	CMEM/n581
	CMEM/n3844
	CMEM/mem[173]
	CMEM/n582
	CMEM/n1726
	CMEM/mem[964]
	CMEM/n583
	CMEM/n1729
	CMEM/mem[752]
	CMEM/n584
	CMEM/n1731
	CMEM/mem[540]
	CMEM/n585
	CMEM/n3861
	CMEM/mem[77]
	CMEM/n586
	CMEM/n3874
	CMEM/mem[598]
	CMEM/n587
	CMEM/n1755
	CMEM/mem[386]
	CMEM/n588
	CMEM/n1758
	CMEM/mem[174]
	CMEM/n589
	CMEM/n3307
	CMEM/mem[965]
	CMEM/n590
	CMEM/n1760
	CMEM/mem[753]
	CMEM/n591
	CMEM/n1762
	CMEM/mem[20]
	CMEM/n592
	CMEM/n1764
	CMEM/mem[541]
	CMEM/n593
	CMEM/n1766
	CMEM/mem[78]
	CMEM/n594
	CMEM/n1768
	CMEM/mem[599]
	CMEM/n595
	CMEM/n3313
	CMEM/mem[387]
	CMEM/n596
	CMEM/n3891
	CMEM/mem[175]
	CMEM/n597
	CMEM/n1770
	CMEM/mem[966]
	CMEM/n598
	CMEM/n1773
	CMEM/mem[754]
	CMEM/n599
	CMEM/n1775
	CMEM/mem[21]
	CMEM/n2895
	CMEM/n1778
	CMEM/mem[542]
	CMEM/n2898
	CMEM/n1203
	CMEM/mem[79]
	CMEM/n2342
	CMEM/n1782
	CMEM/n2345
	CMEM/n1784
	CMEM/mem[330]
	CMEM/n3907
	CMEM/n1788
	CMEM/mem[388]
	CMEM/n2374
	CMEM/n1211
	CMEM/mem[176]
	CMEM/n2375
	CMEM/n1212
	CMEM/mem[967]
	CMEM/n2376
	CMEM/n1790
	CMEM/mem[755]
	CMEM/n3919
	CMEM/n1213
	CMEM/mem[22]
	CMEM/n3924
	CMEM/n1796
	CMEM/mem[543]
	CMEM/n1800
	CMEM/n1223
	CMEM/n1801
	CMEM/n1227
	CMEM/mem[331]
	CMEM/n1802
	CMEM/n3352
	CMEM/mem[389]
	CMEM/n1804
	CMEM/n3357
	CMEM/mem[910]
	CMEM/n1806
	CMEM/n1233
	CMEM/mem[177]
	CMEM/n1808
	CMEM/n1234
	CMEM/mem[968]
	CMEM/n1809
	CMEM/n1235
	CMEM/mem[756]
	CMEM/n3930
	CMEM/n1238
	CMEM/mem[23]
	CMEM/n3944
	CMEM/n1239
	CMEM/mem[544]
	CMEM/n3947
	CMEM/n3360
	CMEM/n3949
	CMEM/n3366
	CMEM/mem[332]
	CMEM/n3954
	CMEM/n1240
	CMEM/mem[120]
	CMEM/n1835
	CMEM/n1241
	CMEM/mem[911]
	CMEM/n1836
	CMEM/n1242
	CMEM/mem[178]
	CMEM/n1837
	CMEM/n3369
	CMEM/mem[969]
	CMEM/n1839
	CMEM/n1243
	CMEM/mem[757]
	CMEM/n1849
	CMEM/n1247
	CMEM/mem[24]
	CMEM/n3977
	CMEM/n1248
	CMEM/mem[545]
	CMEM/n1852
	CMEM/n1249
	CMEM/n1856
	CMEM/n3372
	CMEM/mem[333]
	CMEM/n1857
	CMEM/n1250
	CMEM/mem[121]
	CMEM/n3402
	CMEM/n1251
	CMEM/mem[912]
	CMEM/n3404
	CMEM/n3378
	CMEM/mem[179]
	CMEM/n3982
	CMEM/n1252
	CMEM/mem[700]
	CMEM/n3407
	CMEM/n1259
	CMEM/mem[758]
	CMEM/n1861
	CMEM/n3381
	CMEM/mem[25]
	CMEM/n1862
	CMEM/n3384
	CMEM/mem[546]
	CMEM/n1864
	CMEM/n3387
	CMEM/n1865
	CMEM/n1261
	CMEM/mem[334]
	CMEM/n1867
	CMEM/n1264
	CMEM/mem[122]
	CMEM/n3410
	CMEM/n1265
	CMEM/mem[913]
	CMEM/n3413
	CMEM/n1266
	CMEM/mem[701]
	CMEM/n3416
	CMEM/n3390
	CMEM/mem[759]
	CMEM/n3418
	CMEM/n1271
	CMEM/mem[26]
	CMEM/n1871
	CMEM/n1272
	CMEM/mem[547]
	CMEM/n1873
	CMEM/n3399
	CMEM/n1877
	CMEM/n1273
	CMEM/mem[335]
	CMEM/n3421
	CMEM/n1274
	CMEM/mem[123]
	CMEM/n3423
	CMEM/n1279
	CMEM/mem[914]
	CMEM/n3426
	CMEM/n1280
	CMEM/mem[702]
	CMEM/n3429
	CMEM/n1283
	CMEM/mem[27]
	CMEM/n3431
	CMEM/n1284
	CMEM/mem[548]
	CMEM/n3434
	CMEM/n1286
	CMEM/mem[336]
	CMEM/n3437
	CMEM/n1287
	CMEM/mem[124]
	CMEM/n1317
	CMEM/n1292
	CMEM/mem[915]
	CMEM/n3440
	CMEM/n1293
	CMEM/mem[490]
	CMEM/n3443
	CMEM/n1294
	CMEM/mem[703]
	CMEM/n3446
	CMEM/n2306
	CMEM/mem[28]
	CMEM/n1320
	CMEM/n2308
	CMEM/mem[549]
	CMEM/n3448
	CMEM/n2312
	CMEM/mem[337]
	CMEM/n1328
	CMEM/n2322
	CMEM/mem[125]
	CMEM/n3450
	CMEM/n17
	CMEM/mem[916]
	CMEM/n3452
	CMEM/n18
	CMEM/mem[491]
	CMEM/n3454
	CMEM/n19
	CMEM/mem[704]
	CMEM/n3456
	CMEM/n2331
	CMEM/mem[29]
	CMEM/n1330
	CMEM/n22
	CMEM/mem[338]
	CMEM/n3460
	CMEM/n23
	CMEM/mem[126]
	CMEM/n3464
	CMEM/n25
	CMEM/mem[917]
	CMEM/n3468
	CMEM/n37
	CMEM/mem[492]
	CMEM/n3471
	CMEM/n39
	CMEM/mem[705]
	CMEM/n3474
	CMEM/n40
	CMEM/mem[280]
	CMEM/n3476
	CMEM/n44
	CMEM/mem[339]
	CMEM/n600
	CMEM/n53
	CMEM/mem[127]
	CMEM/n601
	CMEM/n54
	CMEM/mem[918]
	CMEM/n602
	CMEM/n55
	CMEM/mem[493]
	CMEM/n3480
	CMEM/n56
	CMEM/mem[706]
	CMEM/n603
	CMEM/n3905
	CMEM/mem[281]
	CMEM/n604
	CMEM/n61
	CMEM/mem[860]
	CMEM/n605
	CMEM/n62
	CMEM/mem[128]
	CMEM/n606
	CMEM/n2377
	CMEM/mem[919]
	CMEM/n3484
	CMEM/n63
	CMEM/mem[494]
	CMEM/n607
	CMEM/n64
	CMEM/mem[707]
	CMEM/n608
	CMEM/n65
	CMEM/mem[282]
	CMEM/n609
	CMEM/n66
	CMEM/mem[861]
	CMEM/n3487
	CMEM/n93
	CMEM/mem[129]
	CMEM/n2904
	CMEM/n94
	CMEM/mem[495]
	CMEM/n2906
	CMEM/n95
	CMEM/mem[708]
	CMEM/n2907
	CMEM/n96
	CMEM/mem[283]
	CMEM/n610
	CMEM/n3962
	CMEM/mem[862]
	CMEM/n611
	CMEM/n3963
	CMEM/mem[650]
	CMEM/n612
	CMEM/n3965
	CMEM/mem[496]
	CMEM/n613
	CMEM/n3967
	CMEM/mem[709]
	CMEM/n614
	CMEM/n3984
	CMEM/mem[284]
	CMEM/n615
	CMEM/n3411
	CMEM/mem[863]
	CMEM/n616
	CMEM/n3414
	CMEM/mem[651]
	CMEM/n617
	CMEM/n3995
	CMEM/mem[497]
	CMEM/n618
	CMEM/n1879
	CMEM/mem[285]
	CMEM/n3496
	CMEM/n1301
	CMEM/mem[864]
	CMEM/n1371
	CMEM/n1881
	CMEM/mem[652]
	CMEM/n2918
	CMEM/n1883
	CMEM/mem[440]
	CMEM/n2927
	CMEM/n1306
	CMEM/mem[498]
	CMEM/n635
	CMEM/n1307
	CMEM/mem[286]
	CMEM/n636
	CMEM/n1308
	CMEM/mem[865]
	CMEM/n637
	CMEM/n1886
	CMEM/mem[653]
	CMEM/n638
	CMEM/n1889
	CMEM/mem[441]
	CMEM/n639
	CMEM/n3430
	CMEM/mem[499]
	CMEM/n1393
	CMEM/n3432
	CMEM/mem[287]
	CMEM/n2932
	CMEM/n3435
	CMEM/mem[866]
	CMEM/n640
	CMEM/n3441
	CMEM/mem[654]
	CMEM/n641
	CMEM/n3447
	CMEM/mem[442]
	CMEM/n642
	CMEM/n3461
	CMEM/mem[230]
	CMEM/n643
	CMEM/n3465
	CMEM/mem[288]
	CMEM/n644
	CMEM/n1340
	CMEM/mem[867]
	CMEM/n645
	CMEM/n1343
	CMEM/mem[655]
	CMEM/n646
	CMEM/n3472
	CMEM/mem[443]
	CMEM/n647
	CMEM/n3477
	CMEM/mem[231]
	CMEM/n648
	CMEM/n1362
	CMEM/mem[289]
	CMEM/n649
	CMEM/n1373
	CMEM/mem[810]
	CMEM/n2941
	CMEM/n100
	CMEM/mem[868]
	CMEM/n2943
	CMEM/n101
	CMEM/mem[656]
	CMEM/n650
	CMEM/n105
	CMEM/mem[444]
	CMEM/n651
	CMEM/n106
	CMEM/mem[232]
	CMEM/n652
	CMEM/n107
	CMEM/mem[811]
	CMEM/n653
	CMEM/n2402
	CMEM/mem[869]
	CMEM/n654
	CMEM/n2983
	CMEM/mem[657]
	CMEM/n655
	CMEM/n2985
	CMEM/mem[445]
	CMEM/n656
	CMEM/n111
	CMEM/mem[233]
	CMEM/n657
	CMEM/n2987
	CMEM/mem[812]
	CMEM/n658
	CMEM/n115
	CMEM/mem[600]
	CMEM/n659
	CMEM/n119
	CMEM/mem[658]
	CMEM/n660
	CMEM/n2991
	CMEM/mem[446]
	CMEM/n661
	CMEM/n120
	CMEM/mem[234]
	CMEM/n662
	CMEM/n121
	CMEM/mem[813]
	CMEM/n663
	CMEM/n2997
	CMEM/mem[601]
	CMEM/n664
	CMEM/n140
	CMEM/mem[659]
	CMEM/n665
	CMEM/n148
	CMEM/mem[447]
	CMEM/n666
	CMEM/n161
	CMEM/mem[235]
	CMEM/n667
	CMEM/n4025
	CMEM/mem[80]
	CMEM/n668
	CMEM/n4030
	CMEM/mem[814]
	CMEM/n669
	CMEM/n1950
	CMEM/mem[602]
	CMEM/n670
	CMEM/n1952
	CMEM/mem[448]
	CMEM/n671
	CMEM/n1954
	CMEM/mem[236]
	CMEM/n672
	CMEM/n1956
	CMEM/mem[81]
	CMEM/n673
	CMEM/n4087
	CMEM/mem[815]
	CMEM/n674
	CMEM/n4088
	CMEM/mem[390]
	CMEM/n675
	CMEM/n1959
	CMEM/mem[603]
	CMEM/n676
	CMEM/n4089
	CMEM/mem[449]
	CMEM/n677
	CMEM/n1961
	CMEM/mem[237]
	CMEM/n678
	CMEM/n1963
	CMEM/mem[82]
	CMEM/n679
	CMEM/n1966
	CMEM/mem[816]
	CMEM/n680
	CMEM/n3510
	CMEM/mem[391]
	CMEM/n681
	CMEM/n3523
	CMEM/mem[604]
	CMEM/n2978
	CMEM/n1413
	CMEM/mem[970]
	CMEM/n682
	CMEM/n1416
	CMEM/mem[238]
	CMEM/n683
	CMEM/n3543
	CMEM/mem[83]
	CMEM/n684
	CMEM/n1429
	CMEM/mem[817]
	CMEM/n685
	CMEM/n1437
	CMEM/mem[392]
	CMEM/n686
	CMEM/n3567
	CMEM/mem[605]
	CMEM/n687
	CMEM/n1443
	CMEM/mem[180]
	CMEM/n688
	CMEM/n3571
	CMEM/mem[971]
	CMEM/n689
	CMEM/n3575
	CMEM/mem[239]
	CMEM/n2980
	CMEM/n3009
	CMEM/mem[84]
	CMEM/n2982
	CMEM/n3014
	CMEM/mem[818]
	CMEM/n2984
	CMEM/n3018
	CMEM/mem[393]
	CMEM/n2986
	CMEM/n3043
	CMEM/mem[606]
	CMEM/n690
	CMEM/n3088
	CMEM/mem[181]
	CMEM/n691
	CMEM/n4115
	CMEM/mem[972]
	CMEM/n2988
	CMEM/n4116
	CMEM/mem[760]
	CMEM/n692
	CMEM/n4156
	CMEM/mem[85]
	CMEM/n693
	CMEM/n4157
	CMEM/mem[819]
	CMEM/n694
	CMEM/n4159
	CMEM/mem[394]
	CMEM/n695
	CMEM/n4165
	CMEM/mem[607]
	CMEM/n696
	CMEM/n4175
	CMEM/mem[182]
	CMEM/n697
	CMEM/n4177
	CMEM/mem[973]
	CMEM/n698
	CMEM/n4179
	CMEM/mem[761]
	CMEM/n2990
	CMEM/n4187
	CMEM/mem[86]
	CMEM/n2992
	CMEM/n4189
	CMEM/mem[395]
	CMEM/n2994
	CMEM/n4190
	CMEM/mem[608]
	CMEM/n2996
	CMEM/n2095
	CMEM/mem[183]
	CMEM/n2998
	CMEM/n2097
	CMEM/mem[974]
	CMEM/n2428
	CMEM/n2099
	CMEM/mem[762]
	CMEM/n2429
	CMEM/n3102
	CMEM/mem[550]
	CMEM/n2430
	CMEM/n3105
	CMEM/mem[87]
	CMEM/n2431
	CMEM/n3117
	CMEM/mem[396]
	CMEM/n2433
	CMEM/n3119
	CMEM/mem[609]
	CMEM/n2435
	CMEM/n3133
	CMEM/mem[184]
	CMEM/n2437
	CMEM/n3135
	CMEM/mem[975]
	CMEM/n147
	CMEM/n3169
	CMEM/mem[763]
	CMEM/n2451
	CMEM/n3173
	CMEM/mem[30]
	CMEM/n2454
	CMEM/n3176
	CMEM/mem[551]
	CMEM/n2455
	CMEM/n3178
	CMEM/mem[88]
	CMEM/n2456
	CMEM/n3181
	CMEM/mem[397]
	CMEM/n4000
	CMEM/n3183
	CMEM/mem[185]
	CMEM/n2460
	CMEM/n3186
	CMEM/mem[976]
	CMEM/n2465
	CMEM/n3188
	CMEM/mem[764]
	CMEM/n2467
	CMEM/n3190
	CMEM/mem[31]
	CMEM/n171
	CMEM/n3193
	CMEM/mem[552]
	CMEM/n172
	CMEM/n3195
	CMEM/mem[89]
	CMEM/n173
	CMEM/n3198
	CMEM/mem[340]
	CMEM/n174
	CMEM/n4222
	CMEM/mem[398]
	CMEM/n175
	CMEM/n4275
	CMEM/mem[186]
	CMEM/n176
	CMEM/n4285
	CMEM/mem[977]
	CMEM/n177
	CMEM/n2165
	CMEM/n178
	CMEM/n4293
	CMEM/mem[765]
	CMEM/n179
	CMEM/n4295
	CMEM/mem[32]
	CMEM/n2476
	CMEM/n4297
	CMEM/mem[553]
	CMEM/n180
	CMEM/n2173
	CMEM/mem[341]
	CMEM/n181
	CMEM/n2189
	CMEM/mem[399]
	CMEM/n182
	CMEM/n2191
	CMEM/mem[920]
	CMEM/n183
	CMEM/n2194
	CMEM/mem[187]
	CMEM/n184
	CMEM/n3733
	CMEM/mem[978]
	CMEM/n185
	CMEM/n3759
	CMEM/mem[766]
	CMEM/n186
	CMEM/n1647
	CMEM/mem[33]
	CMEM/n4022
	CMEM/n3774
	CMEM/mem[554]
	CMEM/n2489
	CMEM/n3775
	CMEM/mem[342]
	CMEM/n4038
	CMEM/n1651
	CMEM/mem[130]
	CMEM/n4048
	CMEM/n1656
	CMEM/mem[921]
	CMEM/n4060
	CMEM/n3200
	CMEM/mem[188]
	CMEM/n4072
	CMEM/n3203
	CMEM/mem[979]
	CMEM/n4084
	CMEM/n3208
	CMEM/mem[767]
	CMEM/n1971
	CMEM/n3791
	CMEM/mem[34]
	CMEM/n1977
	CMEM/n1679
	CMEM/mem[555]
	CMEM/n1979
	CMEM/n1681
	CMEM/mem[343]
	CMEM/n3522
	CMEM/n1682
	CMEM/mem[131]
	CMEM/n1982
	CMEM/n1684
	CMEM/mem[922]
	CMEM/n1987
	CMEM/n1688
	CMEM/mem[189]
	CMEM/n1990
	CMEM/n1691
	CMEM/mem[710]
	CMEM/n1993
	CMEM/n1693
	CMEM/mem[768]
	CMEM/n3554
	CMEM/n3252
	CMEM/mem[35]
	CMEM/n3558
	n2016
	CMEM/mem[556]
	CMEM/n3562
	n2017
	CMEM/mem[344]
	CMEM/n3566
	n2020
	CMEM/mem[132]
	CMEM/n3570
	n2022
	CMEM/mem[923]
	CMEM/n3574
	n2023
	CMEM/mem[711]
	CMEM/n3578
	n2025
	CMEM/mem[769]
	CMEM/n1455
	n2026
	CMEM/mem[36]
	CMEM/n3000
	n2077
	CMEM/mem[557]
	CMEM/n3002
	n2100
	CMEM/mem[345]
	CMEM/n3004
	n2179
	CMEM/mem[133]
	CMEM/n3582
	n2181
	CMEM/mem[924]
	CMEM/n3006
	n2293
	CMEM/mem[712]
	CMEM/n3008
	n2315
	CMEM/mem[500]
	CMEM/n1465
	n2332
	CMEM/mem[37]
	CMEM/n3010
	n2342
	CMEM/mem[558]
	CMEM/n3013
	n2399
	CMEM/mem[346]
	CMEM/n3015
	n2414
	CMEM/n3017
	fsm_addr_sel_3_
	n2415
	CMEM/n3019
	n2139
	n2459
	CMEM/n3021
	n2140
	n2460
	n2146
	CMEM/n3023
	n2467
	CMEM/n3025
	n2151
	n2490
	CMEM/n1480
	n2155
	n2499
	CMEM/n1487
	n2156
	n2500
	n2172
	CMEM/n3045
	n2501
	CMEM/n3047
	n2192
	n2502
	CMEM/n3067
	n2209
	n2536
	CMEM/n3069
	n2260
	n2537
	n2263
	CMEM/n3071
	n2538
	CMEM/n3074
	n2326
	n2539
	CMEM/n3076
	n2339
	n2543
	CMEM/n3078
	n2346
	n2591
	n2354
	CMEM/n779
	n2760
	CMEM/n780
	n2366
	n2831
	CMEM/n3080
	n2372
	n2845
	CMEM/n781
	n2374
	n2847
	n2378
	CMEM/n782
	n2848
	CMEM/n783
	n2380
	n2849
	CMEM/n3083
	n2438
	n2857
	CMEM/n784
	n2594
	n2863
	n2595
	CMEM/n3084
	n2877
	CMEM/n785
	n2596
	n2886
	CMEM/n786
	n2597
	n2890
	CMEM/n787
	n2603
	n2908
	n2605
	CMEM/n3087
	n2913
	CMEM/n788
	n2660
	n2921
	CMEM/n789
	n2667
	n2926
	CMEM/n3089
	n2677
	n2933
	n2722
	CMEM/n2500
	n2937
	CMEM/n2502
	n2740
	n2940
	CMEM/n790
	n2751
	n2944
	CMEM/n791
	n2755
	n2948
	n2756
	CMEM/n3091
	n2949
	CMEM/n792
	n2761
	n2962
	CMEM/n793
	n2772
	n2968
	CMEM/n794
	n2781
	n2971
	n2785
	CMEM/n795
	n2973
	CMEM/n3095
	n2789
	n2979
	CMEM/n796
	n2796
	n2986
	CMEM/n3096
	n2827
	n2989
	n2834
	CMEM/n797
	n2997
	CMEM/n798
	n2836
	n3002
	CMEM/n3098
	n2840
	n3004
	CMEM/n799
	n3798
	n3020
	n3799
	CMEM/n2512
	n3025
	CMEM/n2515
	n3804
	n3030
	CMEM/n2519
	n3810
	n3032
	CMEM/n2522
	n3813
	n3041
	n3814
	CMEM/n2528
	n3042
	CMEM/n2534
	n3820
	n3048
	CMEM/n2539
	n3823
	n3054
	CMEM/n2558
	n3829
	n3061
	n3832
	CMEM/n2559
	n3063
	CMEM/n267
	n3833
	n3071
	CMEM/n268
	n3845
	n3077
	CMEM/n269
	n3852
	n3079
	n3857
	CMEM/n4104
	n3083
	CMEM/n2560
	n3858
	n3086
	CMEM/n2567
	n3872
	n3091
	CMEM/n270
	n3873
	n3096
	n3878
	CMEM/n271
	n3099
	CMEM/n272
	n3892
	n3101
	CMEM/n273
	n3908
	n3103
	CMEM/n274
	n3909
	n3112
	n3912
	CMEM/n275
	n3113
	CMEM/n276
	n3918
	n3114
	CMEM/n277
	n3938
	n3121
	CMEM/n278
	n3969
	n3123
	n4133
	CMEM/n279
	n3130
	CMEM/n2571
	n4134
	n3135
	CMEM/n2573
	n4135
	n3140
	CMEM/n280
	n4136
	n3141
	n4137
	CMEM/n281
	n3148
	CMEM/n282
	n4138
	n3151
	CMEM/n283
	n4139
	n3153
	CMEM/n284
	n4143
	n3156
	n4144
	CMEM/n285
	n3161
	CMEM/n286
	n4149
	n3166
	CMEM/n287
	n4156
	n3168
	CMEM/n288
	n4176
	n3169
	n4177
	CMEM/n289
	n3179
	CMEM/n4126
	n4193
	n3182
	CMEM/n2003
	n4198
	n3185
	CMEM/n2582
	n4201
	n3189
	n4208
	CMEM/n290
	n3196
	CMEM/n291
	n4214
	n3201
	CMEM/n292
	n4220
	n3205
	CMEM/n293
	n4221
	n3208
	n4227
	CMEM/n294
	n3209
	CMEM/n295
	n4228
	n3211
	CMEM/n296
	n4235
	n3212
	CMEM/n297
	n4248
	n3218
	n4249
	CMEM/n298
	n3221
	CMEM/n4138
	n4259
	n3224
	CMEM/n2593
	n4260
	n3236
	CMEM/n2027
	n4267
	n3241
	n4273
	CMEM/n2029
	n3242
	CMEM/n4151
	n4274
	n3247
	CMEM/n2030
	n4283
	n3249
	CMEM/n2035
	n4290
	n3254
	n4313
	CMEM/n2037
	n3261
	CMEM/n2042
	n4317
	n3263
	CMEM/n2043
	n4318
	n3265
	CMEM/n2046
	n4330
	n3269
	n4331
	CMEM/n4173
	n3271
	CMEM/n2052
	n4348
	n3275
	CMEM/n2059
	n4354
	n3277
	CMEM/n2068
	n4360
	n3285
	n4361
	CMEM/n3607
	n3297
	CMEM/n4198
	n4367
	n3301
	CMEM/n3611
	n4372
	n3309
	CMEM/n3617
	n4373
	n3310
	n4380
	CMEM/n3620
	n3311
	CMEM/n3622
	n4381
	n3313
	CMEM/n3625
	n4387
	n3314
	CMEM/n1505
	n4388
	n3326
	n4399
	CMEM/n1517
	n3327
	CMEM/n3641
	n4400
	n3329
	CMEM/n1527
	n4407
	n3339
	CMEM/n3659
	n4408
	n3341
	n4414
	CMEM/n1539
	n3356
	CMEM/n1546
	n4415
	n3359
	CMEM/n1547
	n4421
	n3360
	CMEM/n3672
	n4429
	n3369
	n4430
	CMEM/n1556
	n3375
	CMEM/n800
	n4439
	n3376
	CMEM/n801
	n4509
	n3377
	CMEM/n3101
	n4516
	n3386
	n4519
	CMEM/n802
	n3391
	CMEM/n803
	n4522
	n3402
	CMEM/n804
	n4523
	n3403
	CMEM/n3104
	n4537
	n3407
	n4538
	CMEM/n805
	n3415
	CMEM/n806
	n4543
	n3418
	CMEM/n3106
	n4544
	n3420
	CMEM/n807
	n4550
	n3422
	n4551
	CMEM/n3685
	n3431
	CMEM/n808
	n4558
	n3433
	CMEM/n3108
	n4559
	n3439
	CMEM/n809
	n4562
	n3440
	n4563
	CMEM/n1560
	n3445
	CMEM/n1565
	n4567
	n3446
	CMEM/n1566
	n4593
	n3451
	CMEM/n810
	n4595
	n3474
	n4663
	CMEM/n3111
	n3496
	CMEM/n3113
	n4970
	n3499
	CMEM/n3116
	n5206
	n3500
	CMEM/n3695
	n5269
	n3511
	n5293
	CMEM/n3118
	n3512
	CMEM/n1579
	n5294
	n3513
	CMEM/n3121
	n5300
	n3525
	CMEM/n3125
	n5301
	n3528
	n5303
	CMEM/n1000
	n3534
	CMEM/n3127
	n5385
	n3542
	CMEM/n1001
	n5386
	n3546
	CMEM/n1002
	n5387
	n3549
	n5388
	CMEM/n1580
	n3554
	CMEM/n1582
	n5682
	n3556
	CMEM/n1583
	n3557
	CMEM/n1584
	CMEM/n1195
	n3558
	CMEM/n1220
	CMEM/n1586
	n3562
	CMEM/n1588
	CMEM/n47
	n3563
	CMEM/n3130
	CMEM/n57
	n3571
	CMEM/n3132
	CMEM/n70
	n3574
	CMEM/n79
	CMEM/n3134
	n3575
	CMEM/n3137
	n3579
	CMEM/n3139
	CMEM/n149
	n3597
	CMEM/n1594
	n3610
	CMEM/n1019
	n3625
	CMEM/n3142
	n3628
	CMEM/n3145
	n3630
	CMEM/n1020
	n3631
	CMEM/n3147
	n3633
	CMEM/n1021
	n2137
	n3635
	CMEM/n1022
	n2166
	n3638
	CMEM/n1023
	n2177
	n3642
	n2193
	CMEM/n1024
	n3644
	CMEM/n1025
	n2194
	n3647
	CMEM/n1026
	n2242
	n3711
	CMEM/n1027
	n2247
	n3712
	n2325
	CMEM/n1028
	n3713
	CMEM/n1029
	n2327
	n3716
	CMEM/n3150
	n2376
	n3717
	CMEM/n3152
	n2410
	n3718
	n2598
	CMEM/n3154
	n3723
	CMEM/n3156
	n2599
	n3725
	CMEM/n1030
	n2600
	n3733
	CMEM/n1031
	n2601
	n3735
	n2627
	CMEM/n3158
	n3742
	CMEM/n1032
	n2628
	n3743
	CMEM/n1033
	n2643
	n3755
	CMEM/n1034
	n2644
	n3760
	n2645
	CMEM/n1035
	n3764
	CMEM/n1036
	n2646
	n3774
	CMEM/n1037
	n2647
	n3775
	CMEM/n1038
	n2784
	n3782
	n2798
	CMEM/n1039
	n3786
	CMEM/n3160
	n2799
	n4011
	CMEM/n3163
	n2800
	n4146
	CMEM/n3165
	n2801
	n4184
	n2804
	CMEM/n1040
	n4185
	CMEM/n1041
	n2805
	n4188
	CMEM/n3168
	n2806
	n4190
	CMEM/n1042
	n2807
	n4226
	n2813
	CMEM/n1043
	n4254
	CMEM/n1044
	n2814
	n4265
	CMEM/n1045
	n2815
	n4287
	CMEM/n1046
	n2816
	n4294
	n2819
	CMEM/n1047
	n4304
	CMEM/n1048
	n2820
	n4312
	CMEM/n1049
	n2855
	n4323
	CMEM/n3170
	n3696
	n4336
	n3807
	CMEM/n3172
	n4352
	CMEM/n3175
	n3816
	n4366
	CMEM/n1050
	n3830
	n4378
	CMEM/n3177
	n3834
	n4393
	n3835
	CMEM/n1051
	n4413
	CMEM/n1052
	n3853
	n4420
	CMEM/n1053
	n3859
	n4435
	CMEM/n1054
	n3874
	n4445
	n3875
	CMEM/n1055
	n4463
	CMEM/n1056
	n3882
	n4490
	CMEM/n1057
	n3904
	n4584
	CMEM/n1058
	n3910
	n4639
	n3913
	CMEM/n1059
	n4652
	CMEM/n3180
	n3919
	n4658
	CMEM/n3182
	n3928
	n4695
	CMEM/n3185
	n3939
	n4722
	n4043
	CMEM/n1060
	n4779
	CMEM/n3187
	n4093
	n4796
	CMEM/n1061
	n4099
	n4824
	CMEM/n1062
	n4140
	n4862
	n4141
	CMEM/n3189
	n4917
	CMEM/n1063
	n4145
	n5277
	CMEM/n1064
	n4151
	n5286
	CMEM/n1065
	n4153
	n5309
	n4159
	CMEM/n1066
	n5311
	CMEM/n1067
	n4162
	n5312
	CMEM/n1068
	n4175
	n5313
	CMEM/n1069
	n4178
	n5316
	n4191
	CMEM/n2608
	n5318
	CMEM/n3192
	n4199
	n5319
	CMEM/n3194
	n4213
	n5320
	CMEM/n1070
	n4215
	n5323
	n4216
	CMEM/n3197
	n5324
	CMEM/n1071
	n4217
	n5325
	CMEM/n1072
	n4222
	n5329
	CMEM/n3199
	n4229
	n5334
	n4250
	CMEM/n1073
	CMEM/n4310
	CMEM/n1074
	n4255
	CMEM/n4319
	CMEM/n1075
	n4256
	CMEM/n4321
	CMEM/n1076
	n4261
	CMEM/n4322
	n4268
	CMEM/n1077
	CMEM/n4324
	CMEM/n1078
	n4269
	CMEM/n4325
	CMEM/n1079
	n4275
	CMEM/n4327
	CMEM/n2615
	n4300
	CMEM/n2785
	n4308
	CMEM/n1080
	CMEM/n4332
	CMEM/n1081
	n4314
	CMEM/n4336
	CMEM/n1082
	n4319
	CMEM/n4338
	CMEM/n1083
	n4332
	CMEM/n2792
	n4337
	CMEM/n1084
	CMEM/n4351
	CMEM/n1085
	n4338
	CMEM/n4353
	CMEM/n1086
	n4340
	CMEM/n4354
	CMEM/n1087
	n4341
	CMEM/n4356
	n4349
	CMEM/n1088
	CMEM/n4358
	CMEM/n1089
	n4353
	CMEM/n4369
	CMEM/n2622
	n4355
	CMEM/n4371
	CMEM/n2623
	n4356
	CMEM/n4374
	n4357
	CMEM/n1090
	CMEM/n4375
	CMEM/n1091
	n4362
	CMEM/n4379
	CMEM/n1092
	n4368
	CMEM/n4381
	CMEM/n1093
	n4369
	CMEM/n3805
	n4374
	CMEM/n1094
	CMEM/n3819
	CMEM/n1095
	n4389
	CMEM/n3840
	CMEM/n1096
	n4395
	CMEM/n3842
	CMEM/n1097
	n4398
	CMEM/n3845
	n4409
	CMEM/n1098
	CMEM/n1721
	CMEM/n1099
	n4416
	CMEM/n3848
	CMEM/n2632
	n4424
	CMEM/n1727
	CMEM/n2635
	n4425
	CMEM/n3853
	n4431
	CMEM/n2636
	CMEM/n3854
	CMEM/n2647
	n4440
	CMEM/n1734
	CMEM/n2653
	n4511
	CMEM/n3862
	CMEM/n2667
	n4520
	CMEM/n3863
	n4521
	CMEM/n2671
	CMEM/n3864
	CMEM/n2678
	n4524
	CMEM/n3865
	CMEM/n2680
	n4529
	CMEM/n1741
	CMEM/n2104
	n4534
	CMEM/n3868
	n4536
	CMEM/n2109
	CMEM/n1747
	CMEM/n2111
	n4545
	CMEM/n3871
	CMEM/n2114
	n4552
	CMEM/n3872
	CMEM/n2131
	n4560
	CMEM/n1752
	n4564
	CMEM/n2138
	CMEM/n1757
	CMEM/n2139
	n4889
	CMEM/n3301
	CMEM/n4260
	n4953
	CMEM/n3305
	CMEM/n2141
	n4984
	CMEM/n3309
	n4996
	CMEM/n2144
	CMEM/n3889
	CMEM/n2147
	n5012
	CMEM/n3890
	CMEM/n4272
	n5028
	CMEM/n3318
	CMEM/n2152
	n5079
	CMEM/n1779
	n5095
	CMEM/n2157
	CMEM/n3320
	CMEM/n2159
	n5107
	CMEM/n3322
	CMEM/n3708
	n5222
	CMEM/n3325
	CMEM/n4291
	n5238
	CMEM/n3327
	n5244
	CMEM/n3719
	CMEM/n1201
	CMEM/n2185
	n5261
	CMEM/n3329
	CMEM/n1602
	n5271
	CMEM/n1208
	CMEM/n1606
	n5295
	CMEM/n1209
	n5302
	CMEM/n1609
	CMEM/n3331
	CMEM/n3730
	n5390
	CMEM/n3333
	CMEM/n3741
	CMEM/n1199
	CMEM/n3335
	CMEM/n1620
	CMEM/n41
	CMEM/n1210
	CMEM/n48
	CMEM/n1623
	CMEM/n3338
	CMEM/n1624
	CMEM/n49
	CMEM/n1216
	CMEM/n1625
	CMEM/n58
	CMEM/n1217
	CMEM/n1627
	CMEM/n59
	CMEM/n3340
	CMEM/n60
	CMEM/n3756
	CMEM/n3342
	CMEM/n1632
	CMEM/n71
	CMEM/n3345
	CMEM/n1637
	CMEM/n72
	CMEM/n3348
	CMEM/n1638
	CMEM/n73
	CMEM/n1228
	CMEM/n74
	CMEM/n3767
	CMEM/n1229
	CMEM/n3202
	CMEM/n1236
	CMEM/n3788
	CMEM/n1237
	CMEM/n1100
	CMEM/n1335
	CMEM/n3363
	CMEM/n130
	CMEM/n1101
	CMEM/n3375
	CMEM/n3228
	CMEM/n1543
	CMEM/n1253
	CMEM/n1102
	CMEM/n1548
	CMEM/n1254
	CMEM/n1103
	CMEM/n1552
	CMEM/n1255
	CMEM/n2130
	CMEM/n1104
	CMEM/n1256
	CMEM/n1105
	CMEM/n2150
	CMEM/n1257
	CMEM/n1106
	ALU_N125
	CMEM/n1258
	CMEM/n1107
	n1941
	CMEM/n1267
	n1944
	CMEM/n1108
	CMEM/n1268
	CMEM/n1109
	n1945
	CMEM/n1269
	CMEM/n3230
	n1946
	CMEM/n2804
	CMEM/n1110
	n1947
	CMEM/n3393
	n1949
	CMEM/n1111
	CMEM/n3396
	CMEM/n939
	n1950
	CMEM/n1270
	CMEM/n1112
	n1952
	CMEM/n1275
	CMEM/n3239
	n1953
	CMEM/n2826
	n1954
	CMEM/n1113
	CMEM/n1290
	CMEM/n1114
	n1955
	CMEM/n1291
	CMEM/n1115
	n1956
	CMEM/n1295
	CMEM/n1116
	n2160
	CMEM/n1296
	n2161
	CMEM/n1117
	CMEM/n1297
	CMEM/n1695
	n2207
	CMEM/n1298
	CMEM/n1118
	n2268
	CMEM/n1299
	CMEM/n1119
	n2275
	CMEM/n2863
	n2287
	CMEM/n940
	CMEM/n2866
	CMEM/n941
	n2300
	CMEM/n10
	CMEM/n942
	n2304
	CMEM/n11
	CMEM/n3242
	n2322
	CMEM/n12
	n2375

11353 nets with no annotation
1
Information: Running time_based power analysis... (PWR-601)
Information: Reading vcd file '/homes/user/stud/fall25/cc5428/FinalProject/qsim_dc/fircore/fircore.vcd'
Error: Can not find any event in the event file.  (PWR-248)
Error: Power is not calculated. Please run update_power before report_power.  (PRPT-115)
0
Information: Running time_based power analysis... (PWR-601)
Information: Reading vcd file '/homes/user/stud/fall25/cc5428/FinalProject/qsim_dc/fircore/fircore.vcd'
Error: Can not find any event in the event file.  (PWR-248)
Error: Power is not calculated. Please run update_power before report_power.  (PRPT-115)
0
****************************************
Report : design
Design : fircore
Version: U-2022.12-SP5
Date   : Wed Dec 17 19:09:38 2025
****************************************

Design Attribute                         Value
---------------------------------------------------------------------------
Operating Conditions:
  analysis_type                          on_chip_variation
  operating_condition_min_name           tt_1p2v_25c
  process_min                            1
  temperature_min                        25
  voltage_min                            1.2
  tree_type_min                          balanced_case

  operating_condition_max_name           tt_1p2v_25c
  process_max                            1
  temperature_max                        25
  voltage_max                            1.2
  tree_type_max                          balanced_case

Wire Load:                               (use report_wire_load for more information)
  wire_load_mode                         top
  wire_load_model_max                    --
  wire_load_model_min                    --
  wire_load_selection_group_max          --
  wire_load_selection_group_min          --
  wire_load_min_block_size               0

Design Rules:
  max_capacitance                        --
  min_capacitance                        --
  max_fanout                             --
  max_transition                         --
  static_integrity                       --
  dynamic_integrity                      --
  max_coupled_transition                 --
  max_area                               --

Timing Ranges:
  early_factor                           --
  late_factor                            --

Pin Input Delays:
None specified.

Pin Output Delays:
None specified.
Fast Analysis:                           disabled

1
****************************************
Report : reference
Design : fircore
Version: U-2022.12-SP5
Date   : Wed Dec 17 19:09:39 2025
****************************************


Attributes:
    b - black-box (unknown)
    h - hierarchical
    n - noncombinational
    u - contains unmapped logic
    A - abstracted timing model
    E - extracted timing model
    S - Stamp timing model
    Q - Quick timing model (QTM)

Reference          Library       Unit Area   Count    Total Area   Attributes
--------------------------------------------------------------------------------
AND2X2TS           scx3_cmos8rf_lpvt_tt_1p2v_25c
                                    7.20     20        144.00      
AND2X4TS           scx3_cmos8rf_lpvt_tt_1p2v_25c
                                   10.08     4          40.32      
AND3X4TS           scx3_cmos8rf_lpvt_tt_1p2v_25c
                                   11.52     1          11.52      
AND3X8TS           scx3_cmos8rf_lpvt_tt_1p2v_25c
                                   21.60     1          21.60      
AO21X2TS           scx3_cmos8rf_lpvt_tt_1p2v_25c
                                   10.08     1          10.08      
AO21X4TS           scx3_cmos8rf_lpvt_tt_1p2v_25c
                                   12.96     1          12.96      
AO22X1TS           scx3_cmos8rf_lpvt_tt_1p2v_25c
                                   10.08     24        241.92      
AO22XLTS           scx3_cmos8rf_lpvt_tt_1p2v_25c
                                   10.08     11        110.88      
AOI21X1TS          scx3_cmos8rf_lpvt_tt_1p2v_25c
                                    7.20     65        468.00      
AOI21X2TS          scx3_cmos8rf_lpvt_tt_1p2v_25c
                                   12.96     14        181.44      
AOI21X4TS          scx3_cmos8rf_lpvt_tt_1p2v_25c
                                   17.28     15        259.20      
AOI22X1TS          scx3_cmos8rf_lpvt_tt_1p2v_25c
                                    8.64     522      4510.08      
AOI22X2TS          scx3_cmos8rf_lpvt_tt_1p2v_25c
                                   15.84     16        253.44      
AOI22X4TS          scx3_cmos8rf_lpvt_tt_1p2v_25c
                                   23.04     7         161.28      
AOI2BB1X2TS        scx3_cmos8rf_lpvt_tt_1p2v_25c
                                   10.08     1          10.08      
AOI2BB2X1TS        scx3_cmos8rf_lpvt_tt_1p2v_25c
                                   10.08     1          10.08      
AOI2BB2X2TS        scx3_cmos8rf_lpvt_tt_1p2v_25c
                                   15.84     2          31.68      
AOI2BB2X4TS        scx3_cmos8rf_lpvt_tt_1p2v_25c
                                   24.48     4          97.92      
BUFX12TS           scx3_cmos8rf_lpvt_tt_1p2v_25c
                                   15.84     1          15.84      
BUFX16TS           scx3_cmos8rf_lpvt_tt_1p2v_25c
                                   21.60     1          21.60      
BUFX20TS           scx3_cmos8rf_lpvt_tt_1p2v_25c
                                   27.36     4         109.44      
BUFX2TS            scx3_cmos8rf_lpvt_tt_1p2v_25c
                                    7.20     1           7.20      
BUFX3TS            scx3_cmos8rf_lpvt_tt_1p2v_25c
                                    7.20     61        439.20      
BUFX4TS            scx3_cmos8rf_lpvt_tt_1p2v_25c
                                    8.64     23        198.72      
BUFX6TS            scx3_cmos8rf_lpvt_tt_1p2v_25c
                                   11.52     3          34.56      
BUFX8TS            scx3_cmos8rf_lpvt_tt_1p2v_25c
                                   12.96     7          90.72      
CLKAND2X2TS        scx3_cmos8rf_lpvt_tt_1p2v_25c
                                    7.20     8          57.60      
CLKBUFX2TS         scx3_cmos8rf_lpvt_tt_1p2v_25c
                                    5.76     286      1647.36      
CLKBUFX3TS         scx3_cmos8rf_lpvt_tt_1p2v_25c
                                    7.20     3          21.60      
CLKINVX12TS        scx3_cmos8rf_lpvt_tt_1p2v_25c
                                   14.40     6          86.40      
CLKINVX1TS         scx3_cmos8rf_lpvt_tt_1p2v_25c
                                    4.32     51        220.32      
CLKINVX2TS         scx3_cmos8rf_lpvt_tt_1p2v_25c
                                    4.32     21         90.72      
CLKINVX3TS         scx3_cmos8rf_lpvt_tt_1p2v_25c
                                    5.76     11         63.36      
CLKINVX6TS         scx3_cmos8rf_lpvt_tt_1p2v_25c
                                    7.20     13         93.60      
CLKMX2X2TS         scx3_cmos8rf_lpvt_tt_1p2v_25c
                                   12.96     1          12.96      
CLKXOR2X4TS        scx3_cmos8rf_lpvt_tt_1p2v_25c
                                   20.16     1          20.16      
DFFHQX1TS          scx3_cmos8rf_lpvt_tt_1p2v_25c
                                   28.80     6         172.80      n
DFFHQX2TS          scx3_cmos8rf_lpvt_tt_1p2v_25c
                                   31.68     9         285.12      n
DFFHQX4TS          scx3_cmos8rf_lpvt_tt_1p2v_25c
                                   41.76     10        417.60      n
DFFHQX8TS          scx3_cmos8rf_lpvt_tt_1p2v_25c
                                   47.52     1          47.52      n
DFFQX1TS           scx3_cmos8rf_lpvt_tt_1p2v_25c
                                   24.48     19        465.12      n
DFFQX2TS           scx3_cmos8rf_lpvt_tt_1p2v_25c
                                   25.92     3          77.76      n
DFFRHQX1TS         scx3_cmos8rf_lpvt_tt_1p2v_25c
                                   36.00     2          72.00      n
DFFRHQX2TS         scx3_cmos8rf_lpvt_tt_1p2v_25c
                                   36.00     5         180.00      n
DFFRHQX4TS         scx3_cmos8rf_lpvt_tt_1p2v_25c
                                   47.52     54       2566.08      n
DFFRHQX8TS         scx3_cmos8rf_lpvt_tt_1p2v_25c
                                   50.40     1          50.40      n
DFFRX1TS           scx3_cmos8rf_lpvt_tt_1p2v_25c
                                   33.12     15        496.80      n
DFFRX2TS           scx3_cmos8rf_lpvt_tt_1p2v_25c
                                   33.12     23        761.76      n
DFFRX4TS           scx3_cmos8rf_lpvt_tt_1p2v_25c
                                   37.44     70       2620.80      n
DFFRXLTS           scx3_cmos8rf_lpvt_tt_1p2v_25c
                                   33.12     987      32689.44     n
DFFSHQX4TS         scx3_cmos8rf_lpvt_tt_1p2v_25c
                                   53.28     1          53.28      n
DFFSHQX8TS         scx3_cmos8rf_lpvt_tt_1p2v_25c
                                   56.16     2         112.32      n
INVX12TS           scx3_cmos8rf_lpvt_tt_1p2v_25c
                                   12.96     3          38.88      
INVX16TS           scx3_cmos8rf_lpvt_tt_1p2v_25c
                                   17.28     1          17.28      
INVX1TS            scx3_cmos8rf_lpvt_tt_1p2v_25c
                                    4.32     115       496.80      
INVX2TS            scx3_cmos8rf_lpvt_tt_1p2v_25c
                                    4.32     929      4013.28      
INVX3TS            scx3_cmos8rf_lpvt_tt_1p2v_25c
                                    5.76     7          40.32      
INVX4TS            scx3_cmos8rf_lpvt_tt_1p2v_25c
                                    5.76     27        155.52      
INVX6TS            scx3_cmos8rf_lpvt_tt_1p2v_25c
                                    8.64     8          69.12      
INVX8TS            scx3_cmos8rf_lpvt_tt_1p2v_25c
                                   10.08     21        211.68      
MX2X1TS            scx3_cmos8rf_lpvt_tt_1p2v_25c
                                   12.96     1040     13478.40     
MX2X4TS            scx3_cmos8rf_lpvt_tt_1p2v_25c
                                   17.28     4          69.12      
MXI2X1TS           scx3_cmos8rf_lpvt_tt_1p2v_25c
                                   11.52     4          46.08      
MXI2X2TS           scx3_cmos8rf_lpvt_tt_1p2v_25c
                                   14.40     3          43.20      
MXI2X4TS           scx3_cmos8rf_lpvt_tt_1p2v_25c
                                   23.04     1          23.04      
MXI2XLTS           scx3_cmos8rf_lpvt_tt_1p2v_25c
                                   11.52     1          11.52      
NAND2BX1TS         scx3_cmos8rf_lpvt_tt_1p2v_25c
                                    7.20     27        194.40      
NAND2BX2TS         scx3_cmos8rf_lpvt_tt_1p2v_25c
                                   10.08     8          80.64      
NAND2BX4TS         scx3_cmos8rf_lpvt_tt_1p2v_25c
                                   14.40     5          72.00      
NAND2BXLTS         scx3_cmos8rf_lpvt_tt_1p2v_25c
                                    7.20     2          14.40      
NAND2X1TS          scx3_cmos8rf_lpvt_tt_1p2v_25c
                                    5.76     314      1808.64      
NAND2X2TS          scx3_cmos8rf_lpvt_tt_1p2v_25c
                                    7.20     55        396.00      
NAND2X4TS          scx3_cmos8rf_lpvt_tt_1p2v_25c
                                   11.52     38        437.76      
NAND2X6TS          scx3_cmos8rf_lpvt_tt_1p2v_25c
                                   14.40     7         100.80      
NAND2X8TS          scx3_cmos8rf_lpvt_tt_1p2v_25c
                                   18.72     12        224.64      
NAND2XLTS          scx3_cmos8rf_lpvt_tt_1p2v_25c
                                    5.76     36        207.36      
NAND3BX2TS         scx3_cmos8rf_lpvt_tt_1p2v_25c
                                   11.52     1          11.52      
NAND3X1TS          scx3_cmos8rf_lpvt_tt_1p2v_25c
                                    7.20     1           7.20      
NAND3X2TS          scx3_cmos8rf_lpvt_tt_1p2v_25c
                                   10.08     1          10.08      
NAND3X4TS          scx3_cmos8rf_lpvt_tt_1p2v_25c
                                   15.84     3          47.52      
NAND3X6TS          scx3_cmos8rf_lpvt_tt_1p2v_25c
                                   21.60     2          43.20      
NAND3X8TS          scx3_cmos8rf_lpvt_tt_1p2v_25c
                                   31.68     3          95.04      
NAND4BX2TS         scx3_cmos8rf_lpvt_tt_1p2v_25c
                                   14.40     8         115.20      
NAND4BXLTS         scx3_cmos8rf_lpvt_tt_1p2v_25c
                                   10.08     1          10.08      
NAND4X1TS          scx3_cmos8rf_lpvt_tt_1p2v_25c
                                    8.64     33        285.12      
NAND4X2TS          scx3_cmos8rf_lpvt_tt_1p2v_25c
                                   12.96     9         116.64      
NAND4X4TS          scx3_cmos8rf_lpvt_tt_1p2v_25c
                                   25.92     2          51.84      
NAND4X6TS          scx3_cmos8rf_lpvt_tt_1p2v_25c
                                   33.12     1          33.12      
NAND4XLTS          scx3_cmos8rf_lpvt_tt_1p2v_25c
                                    8.64     100       864.00      
NOR2BX1TS          scx3_cmos8rf_lpvt_tt_1p2v_25c
                                    7.20     7          50.40      
NOR2BX2TS          scx3_cmos8rf_lpvt_tt_1p2v_25c
                                   10.08     4          40.32      
NOR2BX4TS          scx3_cmos8rf_lpvt_tt_1p2v_25c
                                   12.96     1          12.96      
NOR2X1TS           scx3_cmos8rf_lpvt_tt_1p2v_25c
                                    5.76     100       576.00      
NOR2X2TS           scx3_cmos8rf_lpvt_tt_1p2v_25c
                                    7.20     28        201.60      
NOR2X4TS           scx3_cmos8rf_lpvt_tt_1p2v_25c
                                   11.52     28        322.56      
NOR2X6TS           scx3_cmos8rf_lpvt_tt_1p2v_25c
                                   14.40     11        158.40      
NOR2X8TS           scx3_cmos8rf_lpvt_tt_1p2v_25c
                                   18.72     20        374.40      
NOR2XLTS           scx3_cmos8rf_lpvt_tt_1p2v_25c
                                    5.76     17         97.92      
NOR3BX2TS          scx3_cmos8rf_lpvt_tt_1p2v_25c
                                   11.52     1          11.52      
NOR3X8TS           scx3_cmos8rf_lpvt_tt_1p2v_25c
                                   31.68     1          31.68      
OA21XLTS           scx3_cmos8rf_lpvt_tt_1p2v_25c
                                    8.64     1           8.64      
OAI21X1TS          scx3_cmos8rf_lpvt_tt_1p2v_25c
                                    7.20     113       813.60      
OAI21X2TS          scx3_cmos8rf_lpvt_tt_1p2v_25c
                                   12.96     44        570.24      
OAI21X4TS          scx3_cmos8rf_lpvt_tt_1p2v_25c
                                   17.28     24        414.72      
OAI21XLTS          scx3_cmos8rf_lpvt_tt_1p2v_25c
                                    7.20     11         79.20      
OAI22X1TS          scx3_cmos8rf_lpvt_tt_1p2v_25c
                                    8.64     6          51.84      
OAI22X2TS          scx3_cmos8rf_lpvt_tt_1p2v_25c
                                   15.84     2          31.68      
OAI2BB1X1TS        scx3_cmos8rf_lpvt_tt_1p2v_25c
                                    8.64     17        146.88      
OAI2BB1X2TS        scx3_cmos8rf_lpvt_tt_1p2v_25c
                                   11.52     7          80.64      
OAI2BB1X4TS        scx3_cmos8rf_lpvt_tt_1p2v_25c
                                   14.40     11        158.40      
OAI2BB2XLTS        scx3_cmos8rf_lpvt_tt_1p2v_25c
                                   10.08     1          10.08      
OR2X1TS            scx3_cmos8rf_lpvt_tt_1p2v_25c
                                    7.20     5          36.00      
OR2X2TS            scx3_cmos8rf_lpvt_tt_1p2v_25c
                                    7.20     7          50.40      
OR2X4TS            scx3_cmos8rf_lpvt_tt_1p2v_25c
                                   10.08     3          30.24      
OR2X6TS            scx3_cmos8rf_lpvt_tt_1p2v_25c
                                   14.40     3          43.20      
XNOR2X1TS          scx3_cmos8rf_lpvt_tt_1p2v_25c
                                   11.52     43        495.36      
XNOR2X4TS          scx3_cmos8rf_lpvt_tt_1p2v_25c
                                   27.36     5         136.80      
XOR2X1TS           scx3_cmos8rf_lpvt_tt_1p2v_25c
                                   11.52     29        334.08      
XOR2X2TS           scx3_cmos8rf_lpvt_tt_1p2v_25c
                                   18.72     4          74.88      
XOR2X4TS           scx3_cmos8rf_lpvt_tt_1p2v_25c
                                   28.80     19        547.20      
XOR2XLTS           scx3_cmos8rf_lpvt_tt_1p2v_25c
                                   11.52     9         103.68      
fircoreCMEM_N64_DATA_WIDTH16
                                 71176.25    1        71176.25     h
--------------------------------------------------------------------------------
Total 122 references                                  152089.88
1
****************************************
Report : constraint
Design : fircore
Version: U-2022.12-SP5
Date   : Wed Dec 17 19:09:39 2025
****************************************

                                                   Weighted
    Group (max_delay/setup)      Cost     Weight     Cost
    -----------------------------------------------------
    clk2                         0.00      1.00      0.00
    -----------------------------------------------------
    max_delay/setup                                  0.00

                                                   Weighted
    Group (min_delay/hold)       Cost     Weight     Cost
    -----------------------------------------------------
    clk2                         0.00      1.00      0.00
    -----------------------------------------------------
    min_delay/hold                                   0.00

    Constraint                                       Cost
    -----------------------------------------------------
    max_delay/setup                                  0.00  (MET)
    min_delay/hold                                   0.00  (MET)
    recovery                                         0.00  (MET)
    removal                                          0.00  (MET)
    sequential_clock_pulse_width                     0.00  (MET)
    sequential_clock_min_period                      0.00  (MET)
    max_capacitance                                  0.00  (MET)
    max_transition                                   0.00  (MET)

1
****************************************
Report : constraint
	-all_violators
	-path slack_only
Design : fircore
Version: U-2022.12-SP5
Date   : Wed Dec 17 19:09:39 2025
****************************************






1
****************************************
Report : timing
	-path_type full
	-delay_type min_max
	-max_paths 1
	-sort_by slack
Design : fircore
Version: U-2022.12-SP5
Date   : Wed Dec 17 19:09:39 2025
****************************************


  Startpoint: cin[15] (input port clocked by clk2)
  Endpoint: CMEM/mem_reg_8__15_
               (rising edge-triggered flip-flop clocked by clk2)
  Path Group: clk2
  Path Type: min

  Point                                                   Incr       Path
  ------------------------------------------------------------------------------
  clock clk2 (rise edge)                                0.0000     0.0000
  clock network delay (ideal)                           0.0000     0.0000
  input external delay                                  0.0500     0.0500 f
  cin[15] (in)                                          0.0315     0.0815 f
  CMEM/U1025/Y (NAND2X2TS)                              0.1082     0.1897 r
  CMEM/U519/Y (OAI21XLTS)                               0.1203     0.3100 f
  CMEM/mem_reg_8__15_/D (DFFQX1TS)                      0.0000     0.3100 f
  data arrival time                                                0.3100

  clock clk2 (rise edge)                                0.0000     0.0000
  clock network delay (ideal)                           0.0000     0.0000
  clock reconvergence pessimism                         0.0000     0.0000
  CMEM/mem_reg_8__15_/CK (DFFQX1TS)                                0.0000 r
  library hold time                                    -0.0111    -0.0111
  data required time                                              -0.0111
  ------------------------------------------------------------------------------
  data required time                                              -0.0111
  data arrival time                                               -0.3100
  ------------------------------------------------------------------------------
  slack (MET)                                                      0.3211



  Startpoint: REG_genblk1_45__genblk1_R_inst_Q_reg_15_
               (rising edge-triggered flip-flop clocked by clk2)
  Endpoint: ALU_sum_reg_35_
               (rising edge-triggered flip-flop clocked by clk2)
  Path Group: clk2
  Path Type: max

  Point                                                   Incr       Path
  ------------------------------------------------------------------------------
  clock clk2 (rise edge)                                0.0000     0.0000
  clock network delay (ideal)                           0.0000     0.0000
  REG_genblk1_45__genblk1_R_inst_Q_reg_15_/CK (DFFRX4TS)
                                                        0.0000     0.0000 r
  REG_genblk1_45__genblk1_R_inst_Q_reg_15_/QN (DFFRX4TS)
                                                        0.8443     0.8443 r
  U2654/Y (AOI2BB2X4TS)                                 0.2066     1.0509 r
  U2632/Y (NAND4X4TS)                                   0.1811     1.2320 f
  U2671/Y (AOI22X4TS)                                   0.2316     1.4636 r
  U2670/Y (NAND4X4TS)                                   0.1947     1.6583 f
  U3434/Y (XOR2X4TS)                                    0.2408     1.8991 r
  U2612/Y (BUFX20TS)                                    0.2141     2.1132 r
  U2485/Y (INVX16TS)                                    0.0703     2.1835 f
  U2532/Y (CLKINVX12TS)                                 0.0469     2.2305 r
  U4594/Y (MX2X4TS)                                     0.3237     2.5541 r
  U3500/Y (NAND2X4TS)                                   0.1066     2.6608 f
  U3739/Y (OAI21X4TS)                                   0.1517     2.8125 r
  U3755/Y (AOI21X4TS)                                   0.0987     2.9112 f
  U3743/Y (OAI21X4TS)                                   0.1885     3.0997 r
  U2750/Y (NAND2X8TS)                                   0.1398     3.2396 f
  U2561/Y (NAND2X8TS)                                   0.1086     3.3481 r
  U2747/Y (NAND2X8TS)                                   0.0857     3.4338 f
  U2553/Y (NAND2X4TS)                                   0.1037     3.5375 r
  U3695/Y (AOI21X4TS)                                   0.1057     3.6432 f
  U3665/Y (XOR2X4TS)                                    0.1455     3.7887 r
  U3663/Y (OAI21X2TS)                                   0.1392     3.9279 f
  ALU_sum_reg_35_/D (DFFRHQX4TS)                        0.0000     3.9279 f
  data arrival time                                                3.9279

  clock clk2 (rise edge)                               60.0000    60.0000
  clock network delay (ideal)                           0.0000    60.0000
  clock reconvergence pessimism                         0.0000    60.0000
  ALU_sum_reg_35_/CK (DFFRHQX4TS)                                 60.0000 r
  library setup time                                   -0.2405    59.7595
  data required time                                              59.7595
  ------------------------------------------------------------------------------
  data required time                                              59.7595
  data arrival time                                               -3.9279
  ------------------------------------------------------------------------------
  slack (MET)                                                     55.8315


1
****************************************
Report : Switching Activity
	
Design : fircore
Version: U-2022.12-SP5
Date   : Wed Dec 17 19:09:40 2025
****************************************

 Switching Activity Overview Statistics for "fircore"
----------------------------------------------------------------------------------------------------------------------------------------------------------------------------------------------
                  From Activity     From         From         From             From            From                                                            Not
Object Type       File (%)          SSA (%)      SSA Force (%) SSA Force (%)   SCA (%)         Clock (%)       Default (%)     Propagated(%)   Implied(%)      Annotated(%)  Total
                                                 Annotated    Implied                                                                                                        
----------------------------------------------------------------------------------------------------------------------------------------------------------------------------------------------
 Nets             11353(100.00%)    0(0.00%)     0(0.00%)     0(0.00%)         0(0.00%)        0(0.00%)        0(0.00%)        0(0.00%)        0(0.00%)        0(0.00%)      11353
----------------------------------------------------------------------------------------------------------------------------------------------------------------------------------------------
Nets Driven by
----------------------------------------------------------------------------------------------------------------------------------------------------------------------------------------------
Primary Input     43(100.00%)       0(0.00%)     0(0.00%)     0(0.00%)         0(0.00%)        0(0.00%)        0(0.00%)        0(0.00%)        0(0.00%)        0(0.00%)      43
Tri-State         0(0%)             0(0%)        0(0%)        0(0%)            0(0%)           0(0%)           0(0%)           0(0%)           0(0%)           0(0%)         0
Black Box         0(0%)             0(0%)        0(0%)        0(0%)            0(0%)           0(0%)           0(0%)           0(0%)           0(0%)           0(0%)         0
Sequential        2284(100.00%)     0(0.00%)     0(0.00%)     0(0.00%)         0(0.00%)        0(0.00%)        0(0.00%)        0(0.00%)        0(0.00%)        0(0.00%)      2284
Combinational     9026(100.00%)     0(0.00%)     0(0.00%)     0(0.00%)         0(0.00%)        0(0.00%)        0(0.00%)        0(0.00%)        0(0.00%)        0(0.00%)      9026
Memory            0(0%)             0(0%)        0(0%)        0(0%)            0(0%)           0(0%)           0(0%)           0(0%)           0(0%)           0(0%)         0
Clock Gate        0(0%)             0(0%)        0(0%)        0(0%)            0(0%)           0(0%)           0(0%)           0(0%)           0(0%)           0(0%)         0
----------------------------------------------------------------------------------------------------------------------------------------------------------------------------------------------
 Static Probability Overview Statistics for "fircore"
----------------------------------------------------------------------------------------------------------------------------------------------------------------------------------------------
                  From Activity     From         From         From             From            From                                                            Not
Object Type       File (%)          SSA (%)      SSA Force (%) SSA Force (%)   SCA (%)         Clock (%)       Default (%)     Propagated(%)   Implied(%)      Annotated(%)  Total
                                                 Annotated    Implied                                                                                                        
----------------------------------------------------------------------------------------------------------------------------------------------------------------------------------------------
 Nets             11353(100.00%)    0(0.00%)     0(0.00%)     0(0.00%)         0(0.00%)        0(0.00%)        0(0.00%)        0(0.00%)        0(0.00%)        0(0.00%)      11353
----------------------------------------------------------------------------------------------------------------------------------------------------------------------------------------------
Nets Driven by
----------------------------------------------------------------------------------------------------------------------------------------------------------------------------------------------
Primary Input     43(100.00%)       0(0.00%)     0(0.00%)     0(0.00%)         0(0.00%)        0(0.00%)        0(0.00%)        0(0.00%)        0(0.00%)        0(0.00%)      43
Tri-State         0(0%)             0(0%)        0(0%)        0(0%)            0(0%)           0(0%)           0(0%)           0(0%)           0(0%)           0(0%)         0
Black Box         0(0%)             0(0%)        0(0%)        0(0%)            0(0%)           0(0%)           0(0%)           0(0%)           0(0%)           0(0%)         0
Sequential        2284(100.00%)     0(0.00%)     0(0.00%)     0(0.00%)         0(0.00%)        0(0.00%)        0(0.00%)        0(0.00%)        0(0.00%)        0(0.00%)      2284
Combinational     9026(100.00%)     0(0.00%)     0(0.00%)     0(0.00%)         0(0.00%)        0(0.00%)        0(0.00%)        0(0.00%)        0(0.00%)        0(0.00%)      9026
Memory            0(0%)             0(0%)        0(0%)        0(0%)            0(0%)           0(0%)           0(0%)           0(0%)           0(0%)           0(0%)         0
Clock Gate        0(0%)             0(0%)        0(0%)        0(0%)            0(0%)           0(0%)           0(0%)           0(0%)           0(0%)           0(0%)         0
----------------------------------------------------------------------------------------------------------------------------------------------------------------------------------------------
1
****************************************
Report : Switching Activity
	-list_not_annotated
Design : fircore
Version: U-2022.12-SP5
Date   : Wed Dec 17 19:09:40 2025
****************************************

 Switching Activity Overview Statistics for "fircore"
----------------------------------------------------------------------------------------------------------------------------------------------------------------------------------------------
                  From Activity     From         From         From             From            From                                                            Not
Object Type       File (%)          SSA (%)      SSA Force (%) SSA Force (%)   SCA (%)         Clock (%)       Default (%)     Propagated(%)   Implied(%)      Annotated(%)  Total
                                                 Annotated    Implied                                                                                                        
----------------------------------------------------------------------------------------------------------------------------------------------------------------------------------------------
 Nets             11353(100.00%)    0(0.00%)     0(0.00%)     0(0.00%)         0(0.00%)        0(0.00%)        0(0.00%)        0(0.00%)        0(0.00%)        0(0.00%)      11353
----------------------------------------------------------------------------------------------------------------------------------------------------------------------------------------------
Nets Driven by
----------------------------------------------------------------------------------------------------------------------------------------------------------------------------------------------
Primary Input     43(100.00%)       0(0.00%)     0(0.00%)     0(0.00%)         0(0.00%)        0(0.00%)        0(0.00%)        0(0.00%)        0(0.00%)        0(0.00%)      43
Tri-State         0(0%)             0(0%)        0(0%)        0(0%)            0(0%)           0(0%)           0(0%)           0(0%)           0(0%)           0(0%)         0
Black Box         0(0%)             0(0%)        0(0%)        0(0%)            0(0%)           0(0%)           0(0%)           0(0%)           0(0%)           0(0%)         0
Sequential        2284(100.00%)     0(0.00%)     0(0.00%)     0(0.00%)         0(0.00%)        0(0.00%)        0(0.00%)        0(0.00%)        0(0.00%)        0(0.00%)      2284
Combinational     9026(100.00%)     0(0.00%)     0(0.00%)     0(0.00%)         0(0.00%)        0(0.00%)        0(0.00%)        0(0.00%)        0(0.00%)        0(0.00%)      9026
Memory            0(0%)             0(0%)        0(0%)        0(0%)            0(0%)           0(0%)           0(0%)           0(0%)           0(0%)           0(0%)         0
Clock Gate        0(0%)             0(0%)        0(0%)        0(0%)            0(0%)           0(0%)           0(0%)           0(0%)           0(0%)           0(0%)         0
----------------------------------------------------------------------------------------------------------------------------------------------------------------------------------------------
 Static Probability Overview Statistics for "fircore"
----------------------------------------------------------------------------------------------------------------------------------------------------------------------------------------------
                  From Activity     From         From         From             From            From                                                            Not
Object Type       File (%)          SSA (%)      SSA Force (%) SSA Force (%)   SCA (%)         Clock (%)       Default (%)     Propagated(%)   Implied(%)      Annotated(%)  Total
                                                 Annotated    Implied                                                                                                        
----------------------------------------------------------------------------------------------------------------------------------------------------------------------------------------------
 Nets             11353(100.00%)    0(0.00%)     0(0.00%)     0(0.00%)         0(0.00%)        0(0.00%)        0(0.00%)        0(0.00%)        0(0.00%)        0(0.00%)      11353
----------------------------------------------------------------------------------------------------------------------------------------------------------------------------------------------
Nets Driven by
----------------------------------------------------------------------------------------------------------------------------------------------------------------------------------------------
Primary Input     43(100.00%)       0(0.00%)     0(0.00%)     0(0.00%)         0(0.00%)        0(0.00%)        0(0.00%)        0(0.00%)        0(0.00%)        0(0.00%)      43
Tri-State         0(0%)             0(0%)        0(0%)        0(0%)            0(0%)           0(0%)           0(0%)           0(0%)           0(0%)           0(0%)         0
Black Box         0(0%)             0(0%)        0(0%)        0(0%)            0(0%)           0(0%)           0(0%)           0(0%)           0(0%)           0(0%)         0
Sequential        2284(100.00%)     0(0.00%)     0(0.00%)     0(0.00%)         0(0.00%)        0(0.00%)        0(0.00%)        0(0.00%)        0(0.00%)        0(0.00%)      2284
Combinational     9026(100.00%)     0(0.00%)     0(0.00%)     0(0.00%)         0(0.00%)        0(0.00%)        0(0.00%)        0(0.00%)        0(0.00%)        0(0.00%)      9026
Memory            0(0%)             0(0%)        0(0%)        0(0%)            0(0%)           0(0%)           0(0%)           0(0%)           0(0%)           0(0%)         0
Clock Gate        0(0%)             0(0%)        0(0%)        0(0%)            0(0%)           0(0%)           0(0%)           0(0%)           0(0%)           0(0%)         0
----------------------------------------------------------------------------------------------------------------------------------------------------------------------------------------------


List of nonannotated nets :
1
****************************************
Report : Time Based Power
Design : fircore
Version: U-2022.12-SP5
Date   : Wed Dec 17 19:33:00 2025
****************************************



  Attributes
  ----------
      i  -  Including register clock pin internal power
      u  -  User defined power group

                        Internal  Switching  Leakage    Total
Power Group             Power     Power      Power      Power   (     %)  Attrs
--------------------------------------------------------------------------------
clock_network           1.170e-03    0.0000    0.0000 1.170e-03 (96.89%)  i
register                8.053e-06 1.357e-06 1.099e-07 9.520e-06 ( 0.79%)  
combinational           1.581e-05 1.219e-05 7.440e-08 2.807e-05 ( 2.32%)  
sequential              6.361e-09 2.614e-10 6.899e-10 7.313e-09 ( 0.00%)  
memory                     0.0000    0.0000    0.0000    0.0000 ( 0.00%)  
io_pad                     0.0000    0.0000    0.0000    0.0000 ( 0.00%)  
black_box                  0.0000    0.0000    0.0000    0.0000 ( 0.00%)  

  Net Switching Power  = 1.354e-05   ( 1.12%)
  Cell Internal Power  = 1.194e-03   (98.86%)
  Cell Leakage Power   = 1.850e-07   ( 0.02%)
                         ---------
Total Power            = 1.207e-03  (100.00%)

X Transition Power     = 1.351e-12
Glitching Power        = 5.629e-08

Peak Power             =    0.5247
Peak Time              = 18950160.000

1
****************************************
Report : Time Based Power
	-hierarchy
Design : fircore
Version: U-2022.12-SP5
Date   : Wed Dec 17 19:33:00 2025
****************************************



                                      Int      Switch   Leak     Total
Hierarchy                             Power    Power    Power    Power    %
----------------------------------------------------------------------------------
fircore                               1.19e-03 1.35e-05 1.85e-07 1.21e-03 100.0
  CMEM (fircoreCMEM_N64_DATA_WIDTH16) 8.06e-04 4.44e-07 8.82e-08 8.06e-04  66.8


                                      Peak     Peak            Glitch   X-tran
Hierarchy                             Power    Time            Power    Power
--------------------------------------------------------------------------------
fircore                                  0.525 18950160.000-18950160.001
                                                               5.63e-08 1.35e-12
  CMEM (fircoreCMEM_N64_DATA_WIDTH16)    0.339 8040.000-8040.001
                                                               1.84e-10    0.000
1
